"Identifier","StartDate"
"2143477294","01-01-1997"
"2143961504","10-12-2004"
"2144272991","28-12-2004"
"2144669802","11-10-2004"
"2144670295","11-10-2004"
"2144693061","19-01-2005"
"2144697120","20-01-2005"
"2144701078","20-01-2005"
"2144703652","20-01-2005"
"2144703850","20-01-2005"
"2144725230","21-01-2005"
"2144726121","21-01-2005"
"2144727309","21-01-2005"
"2144727606","21-01-2005"
"2144736910","21-01-2005"
"2144739482","21-01-2005"
"2144742155","21-01-2005"
"2144744333","21-01-2005"
"2144749380","21-01-2005"
"2144749578","21-01-2005"
"2144750172","21-01-2005"
"2144751162","21-01-2005"
"2146607327","01-07-2003"
"2146607525","01-07-2003"
"2147498935","01-07-2003"
"2147499430","01-07-2003"
"2147548722","23-06-2005"
"2147548920","23-06-2005"
"2147549118","16-10-1986"
"2147549316","23-06-2005"
"2147615137","01-07-2003"
"2147615236","01-07-2003"
"2147615830","01-07-2003"
"2147617018","01-07-2003"
"2147617909","01-07-2003"
"2147636913","01-01-2005"
"2147934148","01-04-2005"
"2147934346","01-04-2005"
"2148022636","01-07-1977"
"2148227128","01-07-2003"
"2148365007","24-02-2005"
"2148373717","24-02-2005"
"2148973236","01-07-2005"
"2148973434","01-07-2005"
"2149244935","06-10-2005"
"2150461096","15-12-2005"
"2150627283","09-06-1956"
"2151191071","19-01-2006"
"2151863440","23-02-2006"
"2151923719","24-02-2006"
"2151923917","24-02-2006"
"2152075652","07-03-2006"
"2152409313","21-12-1995"
"2152410006","20-11-1971"
"2152469293","23-04-1981"
"2152470877","10-03-2006"
"2152471273","10-03-2006"
"2152471372","23-04-1981"
"2152477114","10-03-2006"
"2152477906","10-03-2006"
"2152478302","10-03-2006"
"2152478993","18-01-2003"
"2152479488","18-01-2003"
"2152485230","06-06-1983"
"2152487705","01-04-1989"
"2152492455","06-03-1975"
"2152507303","13-03-2006"
"2152510172","13-03-2006"
"2152510568","01-01-1987"
"2152510865","13-03-2006"
"2152511162","13-03-2006"
"2152511756","13-03-2006"
"2152512548","29-03-1994"
"2152512845","29-03-1994"
"2152513043","13-03-2006"
"2152513340","13-03-2006"
"2152513538","13-03-2006"
"2152514825","22-04-1997"
"2152515221","22-04-1997"
"2152516112","14-03-2006"
"2152516409","14-03-2006"
"2152517793","25-03-1936"
"2152517991","25-03-1936"
"2152518090","25-03-1936"
"2152522248","03-01-1956"
"2152522545","03-01-1956"
"2152531552","13-03-2006"
"2152531651","13-03-2006"
"2152542143","28-03-2006"
"2152546202","27-03-2006"
"2152546794","27-03-2006"
"2152546992","27-03-2006"
"2152552041","28-03-2006"
"2152569758","03-03-1971"
"2152573817","02-05-1987"
"2152575104","02-05-1987"
"2152576488","02-05-1987"
"2152583616","15-10-1923"
"2152583814","15-10-1923"
"2152614201","07-01-1956"
"2152620238","21-01-1985"
"2152620337","21-01-1985"
"2152620436","21-01-1985"
"2152707835","01-10-1970"
"2152713179","05-04-2006"
"2152713278","04-05-2006"
"2152798105","07-04-2006"
"2152833242","11-04-2006"
"2152833440","11-04-2006"
"2152934992","14-04-2006"
"2152959540","18-04-2006"
"2152959639","18-04-2006"
"2152959837","18-04-2006"
"2153082076","24-04-2006"
"2153112166","25-04-2006"
"2153112463","25-04-2006"
"2153149976","27-04-2006"
"2153153936","28-02-1989"
"2153154134","28-02-1989"
"2153175415","19-06-1973"
"2153176009","17-12-1987"
"2153176108","17-12-1987"
"2153185412","06-09-1985"
"2153262616","01-09-1985"
"2153263804","15-12-1995"
"2153264297","28-06-1978"
"2153315371","01-04-1989"
"2153346352","01-04-1989"
"2153346649","01-04-1989"
"2153355557","10-06-1976"
"2153362188","01-01-1982"
"2153380204","06-06-1969"
"2153385449","17-05-1940"
"2153385647","22-11-1984"
"2153385746","01-07-1974"
"2153387825","12-08-1965"
"2153499869","28-02-1980"
"2153514519","13-06-1966"
"2153597562","21-01-1985"
"2153597958","21-01-1985"
"2153754346","17-06-1963"
"2153755237","17-06-1963"
"2153755930","17-06-1963"
"2153813239","03-11-1963"
"2153840458","02-06-2006"
"2153926471","04-02-1999"
"2154242514","31-03-1941"
"2154242712","01-01-1968"
"2154369406","26-05-2006"
"2154460268","14-06-2006"
"2154479371","15-06-2006"
"2154537373","15-06-2006"
"2154537571","15-06-2006"
"2154551033","20-06-2006"
"2154568156","20-06-2006"
"2155017227","01-07-2003"
"2155143624","29-04-1992"
"2155255668","26-07-2006"
"2155270021","26-07-2006"
"2155341285","31-07-2006"
"2155351975","29-08-1972"
"2155369692","14-02-1980"
"2155382956","13-05-1980"
"2155425518","01-09-1982"
"2155425914","01-09-1982"
"2155443928","23-11-1978"
"2155721466","31-05-1979"
"2155721763","31-05-1979"
"2155722357","31-05-1979"
"2155775213","25-06-1996"
"2155833710","06-01-1997"
"2156617628","18-01-2003"
"2156675531","12-10-2006"
"2157708580","04-12-2006"
"2159322740","29-12-1955"
"2159814767","10-03-1923"
"2159828823","01-07-1969"
"2159960663","03-07-1985"
"2160892754","30-06-1978"
"2161597587","01-07-1988"
"2162218387","01-01-1968"
"2163242530","30-01-1925"
"2163250052","25-08-1981"
"2163450485","04-11-1980"
"2163450683","04-11-1980"
"2163858182","04-01-1984"
"2165008722","03-09-2007"
"2165616258","13-06-1978"
"2165616555","13-06-1978"
"2165616654","13-06-1978"
"2165650110","08-06-2007"
"2166205978","30-05-1984"
"2166663759","01-04-1989"
"2166763828","15-07-1963"
"2166813417","01-01-2007"
"2166813516","01-01-2007"
"2167054234","01-01-2007"
"2167054333","01-01-2007"
"2167054432","01-01-2007"
"2167054531","01-01-2007"
"2167054630","01-01-2007"
"2167054729","01-01-2007"
"2167054828","01-01-2007"
"2167054927","01-01-2007"
"2167055026","01-01-2007"
"2167064825","01-01-2007"
"2167064924","01-01-2007"
"2167065023","01-01-2007"
"2167065122","01-01-2007"
"2167065221","01-01-2007"
"2167065320","01-01-2007"
"2167065419","01-01-2007"
"2167065518","01-01-2007"
"2167065617",
"2167065716","01-01-2007"
"2167065815","01-01-2007"
"2167065914","01-01-2007"
"2167066013","01-01-2007"
"2167066211","01-01-2007"
"2167066310","01-01-2007"
"2167066409","01-01-2007"
"2167066508","01-01-2007"
"2167066607","01-01-2007"
"2167066706","01-01-2007"
"2167066805","01-01-2007"
"2167066904","01-01-2007"
"2167067003","01-01-2007"
"2167067102","01-01-2007"
"2167067201","01-01-2007"
"2167067397","01-01-2007"
"2167067496","01-01-2007"
"2167067595","01-01-2007"
"2167067694","01-01-2007"
"2167067793","01-01-2007"
"2167067892","01-01-2007"
"2167067991","01-01-2007"
"2167068090","01-01-2007"
"2167068288","01-01-2007"
"2167068387","01-01-2007"
"2167068486","01-01-2007"
"2167068585","01-01-2007"
"2167068684","01-01-2007"
"2167068783","01-01-2007"
"2167068981","01-01-2007"
"2167069080","01-01-2007"
"2167069179","01-01-2007"
"2167069278","01-01-2007"
"2167069377","01-01-2007"
"2167069476","01-01-2007"
"2167069575","01-01-2007"
"2167069773","01-01-2007"
"2167069872","01-01-2007"
"2167069971","01-01-2007"
"2167070169","01-01-2007"
"2167070268","01-01-2007"
"2167070367","01-01-2007"
"2167070565","01-01-2007"
"2167070664","01-01-2007"
"2167070763","01-01-2007"
"2167070862","01-01-2007"
"2167070961","01-01-2007"
"2167071060","01-01-2007"
"2167071159","01-01-2007"
"2167071258","01-01-2007"
"2167071357","01-01-2007"
"2167071456","01-01-2007"
"2167071555","01-01-2007"
"2167071654","01-01-2007"
"2167071753","01-01-2007"
"2167071852","01-01-2007"
"2167071951","01-01-2007"
"2167072050","01-01-2007"
"2167072149","01-01-2007"
"2167072248","01-01-2007"
"2167072347","01-01-2007"
"2167072446","01-01-2007"
"2167072545","01-01-2007"
"2167072644","01-01-2007"
"2167072743","01-01-2007"
"2167072842","01-01-2007"
"2167072941","01-01-2007"
"2167073040","01-01-2007"
"2167073139","01-01-2007"
"2167073238","01-01-2007"
"2167073337","01-01-2007"
"2167073436","01-01-2007"
"2167073535","01-01-2007"
"2167073634","01-01-2007"
"2167073733","01-01-2007"
"2167073832","01-01-2007"
"2167073931","01-01-2007"
"2167074030","01-01-2007"
"2167074129","01-01-2007"
"2167074228","01-01-2007"
"2167074327","01-01-2007"
"2167074426","01-01-2007"
"2167074624",
"2167074723","01-01-2007"
"2167074921","01-01-2007"
"2167075020","01-01-2007"
"2167075119","01-01-2007"
"2167075218","01-01-2007"
"2167075317","01-01-2007"
"2167075416","01-01-2007"
"2167075713","01-01-2007"
"2167075812","01-01-2007"
"2167076010","01-01-2007"
"2167076109","01-01-2007"
"2167076208","01-01-2007"
"2167076307","01-01-2007"
"2167076703","01-01-2007"
"2167076802","01-01-2007"
"2167077097","01-01-2007"
"2167077196","01-01-2007"
"2167077295","01-01-2007"
"2167077394","01-01-2007"
"2167077493","01-01-2007"
"2167077592","01-01-2007"
"2167077691","01-01-2007"
"2167077790","01-01-2007"
"2167077889","01-01-2007"
"2167077988","01-01-2007"
"2167078087","01-01-2007"
"2167078186","01-01-2007"
"2167078285","01-01-2007"
"2167078384","01-01-2007"
"2167078879","01-01-2007"
"2167078978","01-01-2007"
"2167079077","01-01-2007"
"2167079176","01-01-2007"
"2167079275","01-01-2007"
"2167079374","01-01-2007"
"2167079473","01-01-2007"
"2167079671","01-01-2007"
"2167079770","01-01-2007"
"2167079869","01-01-2007"
"2167079968","01-01-2007"
"2167080067","01-01-2007"
"2167080166","01-01-2007"
"2167080265","01-01-2007"
"2167080364","01-01-2007"
"2167080463","01-01-2007"
"2167080562","01-01-2007"
"2167080661","01-01-2007"
"2167080760","01-01-2007"
"2167080859","01-01-2007"
"2167080958","01-01-2007"
"2167081057","01-01-2007"
"2167081156","01-01-2007"
"2167081255","01-01-2007"
"2167081354","01-01-2007"
"2167081453","01-01-2007"
"2167081552","01-01-2007"
"2167081651","01-01-2007"
"2167081849","01-01-2007"
"2167081948","01-01-2007"
"2167082047","01-01-2007"
"2167082146","01-01-2007"
"2167082245","01-01-2007"
"2167082344","01-01-2007"
"2167082443","01-01-2007"
"2167082542","01-01-2007"
"2167082641","01-01-2007"
"2167082740","01-01-2007"
"2167082839","01-01-2007"
"2167082938","01-01-2007"
"2167083037","01-01-2007"
"2167083136","01-01-2007"
"2167083235","01-01-2007"
"2167083334","01-01-2007"
"2167083433","01-01-2007"
"2167083532","01-01-2007"
"2167083631","01-01-2007"
"2167083730","01-01-2007"
"2167083829","01-01-2007"
"2167083928","01-01-2007"
"2167084027","01-01-2007"
"2167084126","01-01-2007"
"2167084225","01-01-2007"
"2167084324","01-01-2007"
"2167084423","01-01-2007"
"2167084522","01-01-2007"
"2167084621","01-01-2007"
"2167084720","01-01-2007"
"2167084819","01-01-2007"
"2167084918","01-01-2007"
"2167085017","01-01-2007"
"2167085116","01-01-2007"
"2167085215","01-01-2007"
"2167085314","01-01-2007"
"2167085413","01-01-2007"
"2167085512","01-01-2007"
"2167085611","01-01-2007"
"2167085710","01-01-2007"
"2167085809","01-01-2007"
"2167085908","01-01-2007"
"2167086007","01-01-2007"
"2167086106","01-01-2007"
"2167086205","01-01-2007"
"2167086304","01-01-2007"
"2167086403",
"2167086502","01-01-2007"
"2167086601",
"2167086797","01-01-2007"
"2167086896","01-01-2007"
"2167086995","01-01-2007"
"2167087094","01-01-2007"
"2167087193","01-01-2007"
"2167087292","01-01-2007"
"2167087391","01-01-2007"
"2167087490","01-01-2007"
"2167087589","01-01-2007"
"2167087688","01-01-2007"
"2167087787","01-01-2007"
"2167087886","01-01-2007"
"2167087985","01-01-2007"
"2167088084","01-01-2007"
"2167088183","01-01-2007"
"2167088282","01-01-2007"
"2167088381","01-01-2007"
"2167088480","01-01-2007"
"2167088678","01-01-2007"
"2167088777","01-01-2007"
"2167088975","01-01-2007"
"2167089074","01-01-2007"
"2167089173","01-01-2007"
"2167089272","01-01-2007"
"2167089371","01-01-2007"
"2167089470","01-01-2007"
"2167089569","01-01-2007"
"2167089668","01-01-2007"
"2167089767","01-01-2007"
"2167089866","01-01-2007"
"2167089965","01-01-2007"
"2167090064","01-01-2007"
"2167090163","01-01-2007"
"2167090262","01-01-2007"
"2167090361","01-01-2007"
"2167090460","01-01-2007"
"2167090559","01-01-2007"
"2167090658","01-01-2007"
"2167090757","01-01-2007"
"2167090856","01-01-2007"
"2167090955","01-01-2007"
"2167091153","01-01-2007"
"2167091252","01-01-2007"
"2167091351","01-01-2007"
"2167091450","01-01-2007"
"2167091648","01-01-2007"
"2167091747","01-01-2007"
"2167091846","01-01-2007"
"2167092044","01-01-2007"
"2167092143","01-01-2007"
"2167092242","01-01-2007"
"2167092341","01-01-2007"
"2167092440","01-01-2007"
"2167092539","01-01-2007"
"2167092638","01-01-2007"
"2167092737","01-01-2007"
"2167092836","01-01-2007"
"2167092935","01-01-2007"
"2167093034","01-01-2007"
"2167093133","01-01-2007"
"2167093232","01-01-2007"
"2167093331","01-01-2007"
"2167093430","01-01-2007"
"2167093628","01-01-2007"
"2167093727","01-01-2007"
"2167093826","01-01-2007"
"2167093925","01-01-2007"
"2167094024","01-01-2007"
"2167094123","01-01-2007"
"2167094222","01-01-2007"
"2167094321","01-01-2007"
"2167094420","01-01-2007"
"2167094519","01-01-2007"
"2167094618","01-01-2007"
"2167094717","01-01-2007"
"2167094816",
"2167094915","01-01-2007"
"2167095014","01-01-2007"
"2167095113","01-01-2007"
"2167095311","01-01-2007"
"2167095410","01-01-2007"
"2167095509","01-01-2007"
"2167095608","01-01-2007"
"2167095806","01-01-2007"
"2167096497","01-01-2007"
"2167096596","01-01-2007"
"2167096794","01-01-2007"
"2167096893","01-01-2007"
"2167096992","01-01-2007"
"2167097091","01-01-2007"
"2167097190","01-01-2007"
"2167097289","01-01-2007"
"2167097388","01-01-2007"
"2167097487","01-01-2007"
"2167097586","01-01-2007"
"2167097685","01-01-2007"
"2167097784","01-01-2007"
"2167097883","01-01-2007"
"2167097982","01-01-2007"
"2167098081","01-01-2007"
"2167098180","01-01-2007"
"2167098279","01-01-2007"
"2167098378","01-01-2007"
"2167098477","01-01-2007"
"2167098576","01-01-2007"
"2167098675","01-01-2007"
"2167098774","01-01-2007"
"2167098873","01-01-2007"
"2167098972","01-01-2007"
"2167099071","01-01-2007"
"2167099269","01-01-2007"
"2167099368","01-01-2007"
"2167099467","01-01-2007"
"2167099566","01-01-2007"
"2167099665","01-01-2007"
"2167099764","01-01-2007"
"2167099863","01-01-2007"
"2167099962","01-01-2007"
"2167100160",
"2167100259","01-01-2007"
"2167100358","01-01-2007"
"2167100457","01-01-2007"
"2167100556","01-01-2007"
"2167100655","01-01-2007"
"2167100754","01-01-2007"
"2167100853","01-01-2007"
"2167100952","01-01-2007"
"2167101051","01-01-2007"
"2167101150","01-01-2007"
"2167101348","01-01-2007"
"2167101447","01-01-2007"
"2167101546",
"2167101645","01-01-2007"
"2167101744",
"2167101843","01-01-2007"
"2167101942","01-01-2007"
"2167102041","01-01-2007"
"2167102140","01-01-2007"
"2167102239","01-01-2007"
"2167102338","01-01-2007"
"2167102437","01-01-2007"
"2167102536","01-01-2007"
"2167102635","01-01-2007"
"2167102734","01-01-2007"
"2167102833","01-01-2007"
"2167102932","01-01-2007"
"2167103130","01-01-2007"
"2167103229","01-01-2007"
"2167103328","01-01-2007"
"2167103427","01-01-2007"
"2167103526","01-01-2007"
"2167103625","01-01-2007"
"2167103724","01-10-1987"
"2167103823","01-01-2007"
"2167103922","01-01-2007"
"2167104120","01-01-2007"
"2167104219","01-01-2007"
"2167104318","01-01-2007"
"2167104417","01-01-2007"
"2167104516","01-01-2007"
"2167104615","01-01-2007"
"2167104714","01-01-2007"
"2167104813","01-01-2007"
"2167104912","01-01-2007"
"2167105110","01-01-2007"
"2167105209","01-01-2007"
"2167105308","01-01-2007"
"2167105407","01-01-2007"
"2167105506","01-01-2007"
"2167105704","01-01-2007"
"2167105803","01-01-2007"
"2167105902","01-01-2007"
"2167106001","01-01-2007"
"2167106197","01-01-2007"
"2167106494","01-01-2007"
"2167106593","01-01-2007"
"2167106692","01-01-2007"
"2167106791","01-01-2007"
"2167107187","01-01-2007"
"2167107286","01-01-2007"
"2167107385","01-01-2007"
"2167107484","01-01-2007"
"2167107583","01-01-2007"
"2167107781","01-01-2007"
"2167107880","01-01-2007"
"2167107979","01-01-2007"
"2167108078","01-01-1995"
"2167108276","01-01-1995"
"2167108474","01-01-1995"
"2167108573","01-01-1995"
"2167108672","01-01-1995"
"2167108771","01-01-1999"
"2167108870","01-01-2007"
"2167108969","01-01-2007"
"2167109068","01-01-2007"
"2167109167","01-01-2007"
"2167109266","01-01-2007"
"2167109365","01-01-2007"
"2167109464","01-01-2007"
"2167109860","01-01-2007"
"2167109959","01-01-2007"
"2167110058","01-01-2007"
"2167110256","01-01-2007"
"2167110355","01-01-2007"
"2167110553","01-01-2007"
"2167110652","01-01-2007"
"2167110850","01-01-2007"
"2167110949","01-01-2007"
"2167111048","01-01-2007"
"2167111147","01-01-2007"
"2167111246","01-01-2007"
"2167111345","01-01-2007"
"2167111444","01-01-2007"
"2167111543","01-01-2007"
"2167111741","01-01-2007"
"2167111840","01-01-2007"
"2167111939","01-01-2007"
"2167112038","01-01-2007"
"2167112236","01-01-2007"
"2167112434","01-01-2007"
"2167112533","01-01-2007"
"2167112731","01-01-2007"
"2167112830","01-01-2007"
"2167112929","01-01-2007"
"2167113028","01-01-2007"
"2167113226","01-01-2007"
"2167113523","01-01-2007"
"2167113622","01-01-2007"
"2167113820","01-01-2007"
"2167113919","01-01-2007"
"2167114018","01-01-2007"
"2167114117","01-01-2007"
"2167114315","01-01-2007"
"2167114414","01-01-2007"
"2167114513","01-01-2007"
"2167114612","01-01-2007"
"2167114711","01-01-2007"
"2167114909","01-01-2007"
"2167115107","01-01-2007"
"2167115404","01-01-2007"
"2167115503","01-01-2007"
"2167115602","01-01-2007"
"2167116095","01-01-2007"
"2167116194","01-01-2007"
"2167116293","01-01-2007"
"2167116491","01-01-2007"
"2167116689","01-01-2007"
"2167116887","01-01-2007"
"2167117184","01-01-2007"
"2167117283","01-01-2007"
"2167117382","01-01-2007"
"2167117580","01-01-2007"
"2167117778","01-01-2007"
"2167117976","01-01-2007"
"2167118075","01-01-2007"
"2167118174","01-01-2007"
"2167118273","01-01-2007"
"2167118372","01-01-2007"
"2167118471","01-01-2007"
"2167118570","01-01-2007"
"2167118669","01-01-2007"
"2167118867","01-01-2007"
"2167118966","01-01-2007"
"2167119065","01-01-2007"
"2167119164","01-01-2007"
"2167119263","01-01-2007"
"2167119362","01-01-2007"
"2167119461","01-01-2007"
"2167119560","01-01-2007"
"2167119659","01-01-2007"
"2167119758","01-01-2007"
"2167119857","01-01-2007"
"2167119956","01-01-2007"
"2167120055","01-01-2007"
"2167120154","01-01-2007"
"2167120253","01-01-2007"
"2167120352","01-01-2007"
"2167120451","01-01-2007"
"2167120550","01-01-2007"
"2167120649","01-01-2007"
"2167120748","01-01-2007"
"2167120946","01-01-2007"
"2167121045","01-01-2007"
"2167121144","01-01-2007"
"2167121441","01-01-2007"
"2167121540","01-01-2007"
"2167121738","01-01-2007"
"2167122035","01-01-2007"
"2167122332","01-01-2007"
"2167122431","01-01-2007"
"2167122530","01-01-2007"
"2167122629","01-01-2007"
"2167122827","01-01-2007"
"2167122926","01-01-2007"
"2167123124","01-01-2007"
"2167123223","01-01-2007"
"2167123421","01-01-2007"
"2167123520","01-01-2007"
"2167123718","01-01-2007"
"2167123817","01-01-2007"
"2167123916","01-01-2007"
"2167124015","01-01-2007"
"2167124114","01-01-2007"
"2167124213","01-01-2007"
"2167124411","01-01-2007"
"2167124510","01-01-2007"
"2167124609","01-01-2007"
"2167124708","01-01-2007"
"2167124906","01-01-2007"
"2167125005","01-01-2007"
"2167125104","01-01-2007"
"2167125203","01-01-2007"
"2167125302","01-01-2007"
"2167125401","01-01-2007"
"2167125696","01-01-2007"
"2167125894","01-01-2007"
"2167126092","01-01-2007"
"2167126191","01-01-2007"
"2167126290","01-01-2007"
"2167126389","01-01-2007"
"2167126488","01-01-2007"
"2167126587","01-01-2007"
"2167126686","01-01-2007"
"2167126785","01-01-2007"
"2167126884","01-01-2007"
"2167126983","01-01-2007"
"2167127082","01-01-2007"
"2167127181","01-01-2007"
"2167127280","01-01-2007"
"2167127379","01-01-2007"
"2167127676","01-01-2007"
"2167127775","01-01-2007"
"2167127973","01-01-2007"
"2167128072","01-01-2007"
"2167128171","01-01-2007"
"2167128567","01-01-2007"
"2167129359","01-01-2007"
"2167129755","01-01-2007"
"2167129953","01-01-2007"
"2167130052","01-01-2007"
"2167130151","01-01-2007"
"2167130547","01-01-2007"
"2167130646","01-01-2007"
"2167130745","01-01-2007"
"2167130943","01-01-2007"
"2167131438","01-01-2007"
"2167131636","01-01-2007"
"2167131834","01-01-2007"
"2167132032","01-01-2007"
"2167132131","01-01-2007"
"2167132230","01-01-2007"
"2167132527","01-01-2007"
"2167132626","01-01-2007"
"2167132725","01-01-2007"
"2167132824","01-01-2007"
"2167132923","01-01-2007"
"2167133022","01-01-2007"
"2167133121","01-01-2007"
"2167133220","01-01-2007"
"2167133319","01-01-2007"
"2167133418","01-01-2007"
"2167133715","01-01-2007"
"2167133814","01-01-2007"
"2167133913","01-01-2007"
"2167134012","01-01-2007"
"2167134111","01-01-2007"
"2167134210","01-01-2007"
"2167134309","01-01-2007"
"2167134408","01-01-2007"
"2167134507","01-01-2007"
"2167134606","01-01-2007"
"2167134804","01-01-2007"
"2167134903","01-01-2007"
"2167135101","01-01-2007"
"2167135594","01-01-2007"
"2167135693","01-01-2007"
"2167135990","01-01-2007"
"2167136089","01-01-2007"
"2167136188","01-01-2007"
"2167136287","01-01-2007"
"2167136584","01-01-2007"
"2167136782","01-01-2007"
"2167136881","01-01-2007"
"2167137079","01-01-2007"
"2167137178","01-01-2007"
"2167137475","01-01-2007"
"2167137673","01-01-2007"
"2167137871","01-01-2007"
"2167137970","01-01-2007"
"2167138168","01-01-2007"
"2167138267","01-01-2007"
"2167138366","01-01-2007"
"2167138465","01-01-2007"
"2167138663","01-01-2007"
"2167139059","01-01-2007"
"2167139158","01-01-2007"
"2167139356","01-01-2007"
"2167139455","01-01-2007"
"2167139554","01-01-2007"
"2167139752","01-01-2007"
"2167140049","01-01-2007"
"2167140148","01-01-2007"
"2167140445","01-01-2007"
"2167140544","01-01-2007"
"2167140841","01-01-2007"
"2167141237","01-01-2007"
"2167141336","01-01-2007"
"2167141435","01-01-2007"
"2167141534","01-01-2007"
"2167141633","01-01-2007"
"2167142029","01-01-2007"
"2167142128","01-01-2007"
"2167142227","01-01-2007"
"2167142326","01-01-2007"
"2167142425","01-01-2007"
"2167142524","01-01-2007"
"2167142722","01-01-2007"
"2167143019","01-01-2007"
"2167143415","01-01-2007"
"2167143613","01-01-2007"
"2167143712","01-01-2007"
"2167144009","01-01-2007"
"2167144405","01-01-2007"
"2167144504","01-01-2007"
"2167144603","01-01-2007"
"2167144702","01-01-2007"
"2167144801","01-01-2007"
"2167144997","01-01-2007"
"2167145195","01-01-2007"
"2167145393","01-01-2007"
"2167145492","01-01-2007"
"2167145591","01-01-2007"
"2167145690","01-01-2007"
"2167145789","01-01-2007"
"2167145888","01-01-2007"
"2167145987","01-01-2007"
"2167146086","01-01-2007"
"2167146383","01-01-2007"
"2167147373","01-01-2007"
"2167148759","01-01-2007"
"2167150046","01-01-2007"
"2167150145","01-01-2007"
"2167150343","01-01-2007"
"2167150442","01-01-2007"
"2167150541","01-01-2007"
"2167150640","01-01-2007"
"2167150739","01-01-2007"
"2167150838","01-01-2007"
"2167151036","01-01-2007"
"2167151927","01-01-2007"
"2167152026","01-01-2007"
"2167152125","01-01-2007"
"2167152224","01-01-2007"
"2167152323","01-01-2007"
"2167152422","01-01-2007"
"2167152521","01-01-2007"
"2167152620","01-01-2007"
"2167152719","01-01-2007"
"2167152818","01-01-2007"
"2167152917","01-01-2007"
"2167153016","01-01-2007"
"2167153115","01-01-2007"
"2167153214","01-01-2007"
"2167153313","01-01-2007"
"2167153412","01-01-2007"
"2167153511","01-01-2007"
"2167153808","01-01-2007"
"2167153907","01-01-2007"
"2167154105","01-01-2007"
"2167154204",
"2167154303","01-01-2007"
"2167154402","01-01-2007"
"2167154501","01-01-2007"
"2167154796","01-01-2007"
"2167154895","01-01-2007"
"2167154994","01-01-2007"
"2167155093","01-01-1989"
"2167155192","01-01-2007"
"2167155291","15-01-1987"
"2167155390","01-01-2007"
"2167155489","01-01-2007"
"2167155588","01-01-2007"
"2167155687","01-01-2007"
"2167155786","01-01-2007"
"2167155885","01-01-2007"
"2167155984","01-01-2007"
"2167156083","01-01-2007"
"2167156182","01-01-2007"
"2167156380","01-01-2007"
"2167156479","01-01-2007"
"2167156578","01-01-2007"
"2167156677","01-01-2007"
"2167156776","01-01-2007"
"2167156875","01-01-2007"
"2167156974","01-01-2007"
"2167157073","01-01-2007"
"2167157172","01-01-2007"
"2167157271","01-01-2007"
"2167157370","01-01-2007"
"2167157568","01-01-2007"
"2167157667","01-01-2007"
"2167157865","01-01-2007"
"2167157964","01-01-2007"
"2167158063","01-01-2007"
"2167158162","01-01-2007"
"2167158261","01-01-2007"
"2167158360","01-01-2007"
"2167158459","01-01-2007"
"2167158558","01-01-2007"
"2167158657","01-01-2007"
"2167158756","01-01-2007"
"2167158855","01-01-2007"
"2167158954","01-01-2007"
"2167159053","01-01-2007"
"2167159152","01-01-2007"
"2167159251","01-01-2007"
"2167159449","01-01-2007"
"2167159548","01-01-2007"
"2167159647","01-01-2007"
"2167159746","01-01-2007"
"2167159845","01-01-2007"
"2167159944","01-01-2007"
"2167160043","01-01-2007"
"2167160142","01-01-2007"
"2167160241","01-01-2007"
"2167160340","01-01-2007"
"2167160439","01-01-2007"
"2167160538","01-01-2007"
"2167160637","01-01-2007"
"2167160736","01-01-2007"
"2167160835","01-01-2007"
"2167160934","01-01-2007"
"2167161033","01-01-2007"
"2167161231","01-01-2007"
"2167161330","01-01-2007"
"2167161429","01-01-2007"
"2167161528","01-01-2007"
"2167161627","01-01-2007"
"2167161726",
"2167161825","01-01-2007"
"2167161924","01-01-2007"
"2167162023","01-01-2007"
"2167162122","01-01-2007"
"2167162221","01-01-2007"
"2167162320","01-10-1957"
"2167162419","01-01-2007"
"2167162518",
"2167162617","01-01-2007"
"2167162716","01-01-2007"
"2167162815","01-01-2007"
"2167162914","01-01-2007"
"2167163013","01-01-2007"
"2167163310","01-01-2007"
"2167163409","01-01-2007"
"2167163508","01-01-2007"
"2167163607","01-01-2007"
"2167163706","01-01-2007"
"2167163805","01-01-2007"
"2167163904","01-01-2007"
"2167164003","01-01-2007"
"2167164102","01-01-2007"
"2167164397","01-01-2007"
"2167164595","01-01-2007"
"2167164694","01-01-2007"
"2167164892","01-01-2007"
"2167164991","01-01-2007"
"2167165090","01-01-2007"
"2167165189","01-01-2007"
"2167165288","01-01-2007"
"2167165387","01-01-2007"
"2167165486","01-01-2007"
"2167165585","01-01-2007"
"2167165684","01-01-2007"
"2167165783","01-01-2007"
"2167165981","01-01-2007"
"2167166080","01-01-2007"
"2167166278","01-01-2007"
"2167166377","01-01-2007"
"2167166476","01-01-2007"
"2167166575","01-01-2007"
"2167166674","01-01-2007"
"2167166773","01-01-2007"
"2167166872","01-01-2007"
"2167166971","01-01-2007"
"2167167070","01-01-2007"
"2167167169","01-01-2007"
"2167167268","01-01-2007"
"2167167466","01-01-2007"
"2167167565","01-01-2007"
"2167167664","01-01-2007"
"2167167763","01-01-2007"
"2167167862","01-01-2007"
"2167167961","01-01-2007"
"2167168060","01-01-2007"
"2167168159","01-01-2007"
"2167168258","01-01-2007"
"2167168357","01-01-2007"
"2167168456","01-01-2007"
"2167168555","01-01-2007"
"2167168654","01-01-2007"
"2167169149","01-01-2007"
"2167169248","01-01-2007"
"2167169347","01-01-2007"
"2167169446","01-01-2007"
"2167169545","01-01-2007"
"2167169644","01-01-2007"
"2167169743","01-01-2007"
"2167169842","01-01-2007"
"2167169941","01-01-2007"
"2167170040","01-01-2007"
"2167170139","01-01-2007"
"2167170238","01-01-2007"
"2167170337","01-01-2007"
"2167170634","01-01-2007"
"2167170733","01-01-2007"
"2167170832","01-01-2007"
"2167170931","01-01-2007"
"2167171030","01-01-2007"
"2167171129","01-01-2007"
"2167171228","01-01-2007"
"2167171327","01-01-2007"
"2167171525","01-01-2007"
"2167171624","01-01-2007"
"2167171723","01-01-2007"
"2167171822","01-01-2007"
"2167171921","01-01-2007"
"2167172119","01-01-2007"
"2167172218","01-01-2007"
"2167172317","01-01-2007"
"2167172416","01-01-2007"
"2167172515","01-01-2007"
"2167172614","01-01-2007"
"2167172713",
"2167172911","01-01-2007"
"2167173010","01-01-2007"
"2167173109","01-01-2007"
"2167173307","01-01-2007"
"2167173406","01-01-2007"
"2167173505","01-01-2007"
"2167173703","01-01-2007"
"2167173802","01-01-2007"
"2167173901","01-01-2007"
"2167174097","01-01-2007"
"2167174196","01-01-2007"
"2167174295","01-01-2007"
"2167174394","01-01-2007"
"2167174493","01-01-2007"
"2167174592","01-01-2007"
"2167174691","01-01-2007"
"2167174790","01-01-2007"
"2167174889","01-01-2007"
"2167174988","01-01-2007"
"2167175087","01-01-2007"
"2167175186","01-01-2007"
"2167175285","01-01-2007"
"2167175384","01-01-2007"
"2167175483","01-01-2007"
"2167175582","01-01-2007"
"2167175681","01-01-2007"
"2167175780","01-01-2007"
"2167175879","01-01-2007"
"2167175978","01-01-2007"
"2167176077","01-01-2007"
"2167176176","01-01-2007"
"2167176275","01-01-2007"
"2167176374","01-01-2007"
"2167176473","01-01-2007"
"2167176572","01-01-2007"
"2167176671","01-01-2007"
"2167176770","01-01-2007"
"2167176869","01-01-2007"
"2167176968","01-01-2007"
"2167177067","01-01-2007"
"2167177166",
"2167177265","01-01-2007"
"2167177364","01-01-2007"
"2167177661","01-01-2007"
"2167177760","01-01-2007"
"2167177859","01-01-2007"
"2167177958","01-01-2007"
"2167178057","01-01-2007"
"2167178156","01-01-2007"
"2167178255","01-01-2007"
"2167178453","01-01-2007"
"2167178552","01-01-2007"
"2167178651","01-01-2007"
"2167178849","01-01-2007"
"2167178948","01-01-2007"
"2167179047","01-01-2007"
"2167179146","01-01-2007"
"2167179245","01-01-2007"
"2167179344","01-01-2007"
"2167179542","01-01-2007"
"2167179641","01-01-2007"
"2167179740","01-01-2007"
"2167179839","01-01-2007"
"2167179938","01-01-2007"
"2167180235","01-01-2007"
"2167180334","01-01-2007"
"2167180433","01-01-2007"
"2167180532","01-01-2007"
"2167180631","01-01-2007"
"2167180730","01-01-2007"
"2167181027","01-01-2007"
"2167181126","01-01-2007"
"2167181225","01-01-2003"
"2167181324","01-01-2007"
"2167181522","01-01-2007"
"2167181720","01-01-2007"
"2167181819","01-01-2007"
"2167181918","01-01-2007"
"2167182017","01-01-2007"
"2167182116","01-01-2007"
"2167182215","01-01-2007"
"2167182314","01-01-2007"
"2167182413","01-01-2007"
"2167182512","01-01-2007"
"2167182710","01-01-2007"
"2167182908","01-01-2007"
"2167183007","01-01-2007"
"2167183205","01-01-2007"
"2167183304","01-01-2007"
"2167183403","01-01-2007"
"2167183502","01-01-2007"
"2167183601","01-01-2007"
"2167183797","01-01-1987"
"2167183896","01-01-2007"
"2167183995","01-01-2007"
"2167184094","01-01-2007"
"2167184193","01-01-2007"
"2167184292","01-01-2007"
"2167184391","01-01-2007"
"2167184490","01-01-2007"
"2167184589","01-01-2007"
"2167184688","01-01-2007"
"2167184787","01-01-2007"
"2167184985","01-01-2007"
"2167185084","01-01-2007"
"2167185183","01-01-2007"
"2167185381","01-01-2007"
"2167185480","01-01-2007"
"2167185579","01-01-2007"
"2167185678","01-01-2007"
"2167185777","01-01-2007"
"2167185876","01-01-2007"
"2167185975","01-01-2007"
"2167186074","01-01-2007"
"2167186173","01-01-2007"
"2167186272","01-01-2007"
"2167186371","01-01-2007"
"2167186470","01-01-2007"
"2167186569","01-01-2007"
"2167186767","01-01-2007"
"2167186866","01-01-2007"
"2167186965","01-01-2007"
"2167187064","01-01-2007"
"2167187163","01-01-2007"
"2167187262","01-01-2007"
"2167187361","01-01-2007"
"2167187559","01-01-2007"
"2167187658","01-01-2007"
"2167187757","01-01-2007"
"2167187856","01-01-2007"
"2167188054","01-01-2007"
"2167188153","01-01-2007"
"2167188252","01-01-2007"
"2167188351","01-01-2007"
"2167188450","01-01-2007"
"2167188549","01-01-2007"
"2167188648","01-01-2007"
"2167188747","17-04-1990"
"2167188846","01-01-2007"
"2167188945","01-01-2007"
"2167189044","01-01-2007"
"2167189143","01-01-2007"
"2167189242","01-01-2007"
"2167189341","01-01-2007"
"2167189440","01-01-2007"
"2167189539","01-01-2007"
"2167189638","01-01-2007"
"2167189737","01-01-2007"
"2167189836","01-01-2007"
"2167189935","01-01-2007"
"2167190034","01-01-2007"
"2167190232","01-01-2007"
"2167190331","01-01-2007"
"2167190430","01-01-2007"
"2167190529","01-01-2007"
"2167190628","01-01-2007"
"2167191024","01-01-2007"
"2167191123","01-01-2007"
"2167191222","01-01-2007"
"2167191321","01-01-2007"
"2167191420","01-01-2007"
"2167191519","01-01-2007"
"2167191618","01-01-2007"
"2167191717","01-01-2007"
"2167192113","01-01-2007"
"2167192212","01-01-2007"
"2167192311","01-01-2007"
"2167192410","01-01-2007"
"2167192509","01-01-2007"
"2167192608","01-01-2007"
"2167192707","01-01-2007"
"2167192806","01-01-2007"
"2167192905","01-01-2007"
"2167193004","01-01-2007"
"2167193103","01-01-2007"
"2167193301","01-01-2007"
"2167193497","01-01-2007"
"2167193596","01-01-2007"
"2167193794","01-01-2007"
"2167193893","01-01-2007"
"2167193992","01-01-2007"
"2167194091","01-01-2007"
"2167194190","01-01-2007"
"2167194289","01-01-2007"
"2167194388","01-01-2007"
"2167194586","01-01-2007"
"2167194685","01-01-2007"
"2167194784","01-01-2007"
"2167194883","01-01-2007"
"2167194982","01-01-2007"
"2167195081","01-01-2007"
"2167195180","01-01-2007"
"2167195279","01-01-2007"
"2167195378","01-01-2007"
"2167195477","01-01-2007"
"2167195576","01-01-2007"
"2167195675","01-01-2007"
"2167195774","01-01-2007"
"2167195873","01-01-2007"
"2167195972","01-01-2007"
"2167196071","01-01-2007"
"2167196170","01-01-2007"
"2167196368","01-01-2007"
"2167196467","01-01-2007"
"2167196665","01-01-2007"
"2167196764","01-01-2007"
"2167196863","01-01-2007"
"2167196962","01-01-2007"
"2167197061","01-01-2007"
"2167197160","01-01-2007"
"2167197259","01-01-2007"
"2167197358","01-01-2007"
"2167197457","01-01-2007"
"2167197556","01-01-2007"
"2167197655","01-01-2007"
"2167197754","01-01-2007"
"2167197853",
"2167198051","01-01-2007"
"2167198150","01-01-2007"
"2167198348","01-01-2007"
"2167198546","01-01-2007"
"2167198645","01-01-2007"
"2167198744","01-01-2007"
"2167198843","01-01-2007"
"2167198942","01-01-2007"
"2167199041","01-01-2007"
"2167199140","01-01-2007"
"2167199239","01-01-2007"
"2167199338","01-01-2007"
"2167199437","01-01-2007"
"2167199536","01-01-2007"
"2167199635","01-01-2007"
"2167199734","01-01-2007"
"2167199833","01-01-2007"
"2167200031","01-01-2007"
"2167200130","01-01-2007"
"2167200229","01-01-2007"
"2167200328","01-01-2007"
"2167200427","01-01-2007"
"2167200526","01-01-2007"
"2167200625","01-01-2007"
"2167200724","01-01-2007"
"2167200823","01-01-2007"
"2167200922","01-01-2007"
"2167201021","01-01-2007"
"2167201120","01-01-2007"
"2167201219","01-01-2007"
"2167201318","01-01-2007"
"2167201417","01-01-2007"
"2167201516","01-01-2007"
"2167201615","01-01-2007"
"2167201714","01-01-2007"
"2167201813","01-01-2007"
"2167201912","01-01-2007"
"2167202011","01-01-2007"
"2167202110","01-01-2007"
"2167202209","01-01-2007"
"2167202308","01-01-2007"
"2167202407","01-01-2007"
"2167202506","01-01-2007"
"2167202605","01-01-2007"
"2167202704","01-01-2007"
"2167202803","01-01-2007"
"2167202902","01-01-2007"
"2167203001","01-01-2007"
"2167203197","01-01-2007"
"2167203296","01-01-2007"
"2167203395","01-01-2007"
"2167203593","01-01-2007"
"2167203791","01-01-2007"
"2167203890","01-01-2007"
"2167203989","01-01-2007"
"2167204088","01-01-2007"
"2167204187","01-01-2007"
"2167204286","01-01-2007"
"2167204385","01-01-2007"
"2167204583","01-01-2007"
"2167204682","01-01-2007"
"2167204781","01-01-2007"
"2167204880","01-01-2007"
"2167204979","01-01-2007"
"2167205078",
"2167205177","01-01-2007"
"2167205276","01-01-2007"
"2167205375","01-01-2007"
"2167205474","01-01-2007"
"2167205573","01-01-2007"
"2167205672","01-01-2007"
"2167205771","01-01-2007"
"2167205870","01-01-2007"
"2167205969","01-01-2007"
"2167206068","01-01-2007"
"2167206167","01-01-2007"
"2167206266","01-01-2007"
"2167206464","01-01-2007"
"2167206563","01-01-2007"
"2167206662","01-01-2007"
"2167206761","01-01-2007"
"2167206860","01-01-2007"
"2167206959","01-01-2007"
"2167207058","01-01-2007"
"2167207256","01-01-2007"
"2167207454","01-01-2007"
"2167207553","01-01-2007"
"2167207652","01-01-2007"
"2167207751","01-01-2007"
"2167207850","01-01-2007"
"2167207949","01-01-2007"
"2167208048","01-01-2007"
"2167208147","01-01-2007"
"2167208246","01-01-2007"
"2167208345","01-01-2007"
"2167208444","01-01-2007"
"2167208543","01-01-2007"
"2167208642","01-01-2007"
"2167208840","01-01-2007"
"2167208939","01-01-2007"
"2167209038","01-01-2007"
"2167209137","01-01-2007"
"2167209236","01-01-2007"
"2167209335","01-01-2007"
"2167209434","01-01-2007"
"2167209533","01-01-2007"
"2167209632","01-01-2007"
"2167209731","01-01-2007"
"2167209830","01-01-2007"
"2167209929","01-01-2007"
"2167210028","01-01-2007"
"2167210325","01-01-2007"
"2167210424","01-01-2007"
"2167210523","01-01-2007"
"2167210622","01-01-2007"
"2167210721","01-01-2007"
"2167210820","01-01-2007"
"2167210919","01-01-2007"
"2167211018","01-01-2007"
"2167211117","01-01-2007"
"2167211216","01-01-2007"
"2167211315","01-01-2007"
"2167211414","01-01-2007"
"2167211513","01-01-2007"
"2167211612","01-01-2007"
"2167211711","01-01-2007"
"2167211810","01-01-2007"
"2167211909","01-01-2007"
"2167212008","01-01-2007"
"2167212107","01-01-2007"
"2167212206","01-01-2007"
"2167212305","01-01-2007"
"2167212404","01-01-2007"
"2167212503","01-01-2007"
"2167212602","01-01-2007"
"2167212701","01-01-2007"
"2167212897","01-01-2007"
"2167212996","01-01-2007"
"2167213194","01-01-2007"
"2167213293","01-01-2007"
"2167213392","01-01-2007"
"2167213590","01-01-2007"
"2167213788","01-01-2007"
"2167213887","01-01-2007"
"2167213986","01-01-2007"
"2167214085","01-01-2007"
"2167214184","01-01-2007"
"2167214283","01-01-2007"
"2167214382","01-01-2007"
"2167214481","01-01-2007"
"2167214580","01-01-2007"
"2167214679","01-01-2007"
"2167214778","01-01-2007"
"2167214877","01-01-2007"
"2167214976","01-01-2007"
"2167215075","01-01-2007"
"2167215174","01-01-2007"
"2167215273","01-01-2007"
"2167215372","01-01-2007"
"2167215471","01-01-2007"
"2167215570","01-01-2007"
"2167215669","01-01-2007"
"2167215768","01-01-2007"
"2167215966","01-01-2007"
"2167216065","01-01-2007"
"2167216164","01-01-2007"
"2167216263","01-01-2007"
"2167216362","01-01-2007"
"2167216461","01-01-2007"
"2167216560","01-01-2007"
"2167216659","01-01-2007"
"2167216758","01-01-2007"
"2167216857","01-01-2007"
"2167216956","01-01-2007"
"2167217055","01-01-2007"
"2167217253","01-01-2007"
"2167217352","01-01-2007"
"2167217451","01-01-2007"
"2167217550","01-01-2007"
"2167217649","01-01-2007"
"2167217847","01-01-2007"
"2167217946","01-01-2007"
"2167218045","01-01-2007"
"2167218144","01-01-2007"
"2167218243","01-01-2007"
"2167218342","01-01-2007"
"2167218441","01-01-2007"
"2167218540","01-01-2007"
"2167218639","01-01-2007"
"2167218738","01-01-2007"
"2167218837","01-01-2007"
"2167218936","01-01-2007"
"2167219035","01-01-2007"
"2167219134","01-01-2007"
"2167219431","01-01-2007"
"2167219530","01-01-2007"
"2167219629","01-01-2007"
"2167219728","01-01-2007"
"2167219827","01-01-2007"
"2167219926","01-01-2007"
"2167220025","01-01-2007"
"2167220223","01-01-2007"
"2167220322","01-01-2007"
"2167220619","01-01-2007"
"2167220916","01-01-2007"
"2167221015","01-01-2007"
"2167221411","01-01-2007"
"2167221510","01-01-2007"
"2167221609","01-01-2007"
"2167221708","01-01-2007"
"2167221807","01-01-2007"
"2167221906","01-01-2007"
"2167222005","01-01-2007"
"2167222104","01-01-2007"
"2167222203","01-01-2007"
"2167222302","01-01-2007"
"2167222401","01-01-2007"
"2167222597","01-01-2007"
"2167222696","01-01-2007"
"2167222795","01-01-2007"
"2167222894","01-01-2007"
"2167222993","01-01-2007"
"2167223191","01-01-2007"
"2167223587","01-01-2007"
"2167223686","01-01-2007"
"2167223785","01-01-2007"
"2167223884","01-01-2007"
"2167223983","01-01-2007"
"2167224082","01-01-2007"
"2167224181","01-01-2007"
"2167224379","01-01-2007"
"2167224478","01-01-2007"
"2167224577","01-01-2007"
"2167224775","01-01-2007"
"2167224874","01-01-2007"
"2167224973","01-01-2007"
"2167225072","01-01-2007"
"2167225171","01-01-2007"
"2167225270","01-01-2007"
"2167225369","01-01-2007"
"2167225468","01-01-2007"
"2167225567","01-01-2007"
"2167225666","01-01-2007"
"2167225765","01-01-2007"
"2167225864","01-01-2007"
"2167225963","01-01-2007"
"2167226062","01-01-2007"
"2167226161","01-01-2007"
"2167226260","01-01-2007"
"2167226458","01-01-2007"
"2167226557","01-01-2007"
"2167226755","01-01-2007"
"2167226854","01-01-2007"
"2167226953","01-01-2007"
"2167227052","01-01-2007"
"2167227151","01-01-2007"
"2167227250","01-01-2007"
"2167227349","01-01-2007"
"2167227448","01-01-2007"
"2167227547","01-01-2007"
"2167227646","01-01-2007"
"2167227745","01-01-2007"
"2167227844","01-01-2007"
"2167227943","01-01-2007"
"2167228042","01-01-2007"
"2167228141","01-01-2007"
"2167228339","01-01-2007"
"2167228438","01-01-2007"
"2167228537","01-01-2007"
"2167228636","01-01-2007"
"2167228735","01-01-2007"
"2167228834","01-01-2007"
"2167228933","01-01-2007"
"2167229032","01-01-2007"
"2167229230","01-01-2007"
"2167229329","01-01-2007"
"2167229527","01-01-2007"
"2167229626","01-01-2007"
"2167229725","01-01-2007"
"2167229824","01-01-2007"
"2167230022","01-01-2007"
"2167230121","01-01-2007"
"2167230220","01-01-2007"
"2167230319","01-01-2007"
"2167230418","01-01-2007"
"2167230517","01-01-2007"
"2167230715","01-01-2007"
"2167230814","01-01-2007"
"2167230913","01-01-2007"
"2167231012","01-01-2007"
"2167231111","01-01-2007"
"2167231210","01-01-2007"
"2167231309","01-01-2007"
"2167231408","01-01-2007"
"2167231507","01-01-2007"
"2167231606","01-01-2007"
"2167231705","01-01-2007"
"2167232002","01-01-2007"
"2167232101","01-01-2007"
"2167232297","01-01-2007"
"2167232396","01-01-2007"
"2167232495","01-01-2007"
"2167232594","01-01-2007"
"2167232693","01-01-2007"
"2167232792","01-01-2007"
"2167232891","01-01-2007"
"2167232990","01-01-2007"
"2167233089","01-01-2007"
"2167233188","01-01-2007"
"2167233287",
"2167233386","01-01-2007"
"2167233485","01-01-2007"
"2167233782","01-01-2007"
"2167233881","01-01-2007"
"2167233980","01-01-2007"
"2167234079","01-01-2007"
"2167234277","01-01-2007"
"2167234376","01-01-2007"
"2167234574","01-01-2007"
"2167234673","01-01-2007"
"2167234772","01-01-2007"
"2167234871","01-01-2007"
"2167234970","01-01-2007"
"2167235069","01-01-2007"
"2167235168","01-01-2007"
"2167235267","01-01-2007"
"2167235366","01-01-2007"
"2167235465","01-01-2007"
"2167235564","01-01-2007"
"2167235663","01-01-2007"
"2167235762","01-01-2007"
"2167235861","01-01-2007"
"2167235960","01-01-2007"
"2167236059","01-01-2007"
"2167236158","01-01-2007"
"2167236257","01-01-2007"
"2167236356","01-01-2007"
"2167236455","01-01-2007"
"2167236554","01-01-2007"
"2167236653","01-01-2007"
"2167236752","01-01-2007"
"2167236851","01-01-2007"
"2167236950","01-01-2007"
"2167237049","01-09-1984"
"2167237148","01-01-2007"
"2167237247","01-01-2007"
"2167237346","01-01-2007"
"2167237544","01-01-2007"
"2167237643","01-01-2007"
"2167237742","01-01-2007"
"2167237841","01-01-2007"
"2167237940","01-01-2007"
"2167238039","01-01-2007"
"2167238138","01-01-2007"
"2167238237","01-01-2007"
"2167238336","01-01-2007"
"2167238435","01-01-2007"
"2167238534","01-01-2007"
"2167238633","01-01-2007"
"2167238732","01-01-2007"
"2167238831","01-01-2007"
"2167238930","01-01-2007"
"2167239029","01-01-2007"
"2167239128","01-01-2007"
"2167239227","01-01-2007"
"2167239326","01-01-2007"
"2167239425","01-01-2007"
"2167239524","01-01-2007"
"2167239623","01-01-2007"
"2167239722","01-01-2007"
"2167239821","01-01-2007"
"2167239920","01-01-2007"
"2167240019","01-01-2007"
"2167240118","01-01-2007"
"2167240217","01-01-2007"
"2167240316","01-01-2007"
"2167240415","01-01-2007"
"2167240514","01-01-2007"
"2167240613","01-01-2007"
"2167240712","01-01-2007"
"2167240910","01-01-2007"
"2167241009","01-01-2007"
"2167241207","01-01-2007"
"2167241306","01-01-2007"
"2167241504","01-01-2007"
"2167241603","01-01-2007"
"2167241702","01-01-2007"
"2167241801","01-01-2007"
"2167241997","01-01-2007"
"2167242096","01-01-2007"
"2167242195","01-01-2007"
"2167242294","01-01-2007"
"2167242393","01-01-2007"
"2167242492","01-01-2007"
"2167242591","01-01-2007"
"2167242690","01-01-2007"
"2167242789","01-01-2007"
"2167242888","01-01-2007"
"2167243086","01-01-2007"
"2167243185","01-01-2007"
"2167243284","01-01-2007"
"2167243383","01-01-2007"
"2167243581","01-01-2007"
"2167243680","01-01-2007"
"2167243779","01-01-2007"
"2167243878","01-01-2007"
"2167243977","01-01-2007"
"2167244076","01-01-2007"
"2167244274","01-01-2007"
"2167244472","01-01-2007"
"2167244571","01-01-2007"
"2167244670","01-01-2007"
"2167244769","01-01-2007"
"2167244868","01-01-2007"
"2167244967","01-01-2007"
"2167245264","01-01-2007"
"2167245363","01-01-2008"
"2167245462","01-01-2008"
"2167245561","01-01-2007"
"2167245660","01-01-2007"
"2167245759","01-01-2007"
"2167245858","01-01-2007"
"2167245957","01-01-2007"
"2167246056","01-01-2007"
"2167246155","01-01-2007"
"2167246254","01-01-2007"
"2167246353","01-01-2007"
"2167246452","01-01-2007"
"2167246551","01-01-2007"
"2167246650","01-01-2007"
"2167246749","01-01-2007"
"2167246848","01-01-2007"
"2167246947","01-01-2007"
"2167247046","01-01-2007"
"2167247145","01-01-2007"
"2167247244","01-01-2007"
"2167247343","01-01-2007"
"2167247442",
"2167247541","01-01-2007"
"2167247640","01-01-2007"
"2167247739","01-01-2007"
"2167247838","01-01-2007"
"2167247937","01-01-2007"
"2167248036","01-01-2007"
"2167248135",
"2167248234","01-01-2007"
"2167248333","01-01-2007"
"2167248432","01-01-2007"
"2167248531","01-01-2007"
"2167248630","01-01-2007"
"2167248729","01-01-2007"
"2167248927","01-01-2007"
"2167249026","01-01-2007"
"2167249125","01-01-2007"
"2167249224","01-01-2007"
"2167249323","01-01-2007"
"2167249422","01-01-2007"
"2167249521","01-01-2007"
"2167249620","01-01-2007"
"2167249719","01-01-2007"
"2167249818","01-01-2007"
"2167249917","01-01-2007"
"2167250016","01-01-2007"
"2167250115","01-01-2007"
"2167250214","01-01-2007"
"2167250313","01-01-2007"
"2167250412","01-01-2007"
"2167250511","01-01-2007"
"2167250709","01-01-2007"
"2167250907","01-01-2007"
"2167251006","01-01-2007"
"2167251105","01-01-2007"
"2167251204","01-01-2007"
"2167251303","01-01-2007"
"2167251402","01-01-2007"
"2167251501","01-01-2007"
"2167251697","01-01-2007"
"2167251796","01-01-2007"
"2167251895","01-01-2007"
"2167251994","01-01-2007"
"2167252192","01-01-2007"
"2167252291","01-01-2007"
"2167252489","01-01-2007"
"2167252588","01-01-2007"
"2167252687","01-01-2007"
"2167252786","01-01-2007"
"2167252885","01-01-2007"
"2167252984","01-01-2007"
"2167253083","01-01-2007"
"2167253182","01-01-2007"
"2167253281","01-01-2007"
"2167253677","01-01-2007"
"2167253875","01-01-2007"
"2167253974","01-01-2007"
"2167254073","01-01-2007"
"2167254172","01-01-2007"
"2167254271","01-01-2007"
"2167254370","01-01-2007"
"2167254469","01-01-2007"
"2167254568","01-01-2007"
"2167254766","01-01-2007"
"2167254865","01-01-2007"
"2167254964","01-01-2007"
"2167255063","01-01-2007"
"2167255162","01-01-2007"
"2167255261","01-01-2007"
"2167255360","01-01-2007"
"2167255459","01-01-2007"
"2167255558","01-01-2007"
"2167255657","01-01-2007"
"2167255756","01-01-2007"
"2167255855","01-01-2007"
"2167255954","01-01-2007"
"2167256053","01-01-2007"
"2167256152","01-01-2007"
"2167256251","01-01-2007"
"2167256350","01-01-2007"
"2167256449","01-01-2007"
"2167256548","01-01-2007"
"2167256647","01-01-2007"
"2167256746","01-01-2007"
"2167256845","01-01-2007"
"2167256944","01-01-2007"
"2167257043","01-01-2007"
"2167257142","01-01-2007"
"2167257241","01-01-2007"
"2167257340","01-01-2007"
"2167257439","01-01-2007"
"2167257538","01-01-2007"
"2167257637","01-01-2007"
"2167257736","01-01-2007"
"2167257835","01-01-2007"
"2167257934","01-01-2007"
"2167258033","01-01-2007"
"2167258132","01-01-2007"
"2167258231","01-01-2008"
"2167258330","01-01-2007"
"2167258429","01-01-2007"
"2167258528","01-01-2007"
"2167258627","01-01-2007"
"2167258726","01-01-2007"
"2167258825","01-01-2007"
"2167258924","01-01-2007"
"2167259023","01-01-2007"
"2167259221","01-01-2007"
"2167259320","01-01-2007"
"2167259419","01-01-2007"
"2167259518","01-01-2007"
"2167259617","01-01-2007"
"2167259716","01-01-2007"
"2167259815","01-01-2007"
"2167259914","01-01-2007"
"2167260013","01-01-2007"
"2167260211","01-01-2007"
"2167260310","01-01-2007"
"2167260409","01-01-2007"
"2167260706","01-01-2007"
"2167260904","01-01-2007"
"2167261003","01-01-2007"
"2167261102","01-01-2007"
"2167261397","01-01-2007"
"2167261496","01-01-2007"
"2167261595","01-01-2007"
"2167261694","01-01-2007"
"2167261793","01-01-2007"
"2167261892","01-01-2007"
"2167261991","01-01-2007"
"2167262090","01-01-2007"
"2167262189","01-01-2007"
"2167262288","01-01-2007"
"2167262387","01-01-2007"
"2167262486","01-01-2007"
"2167262585","01-01-2007"
"2167262684","01-01-2007"
"2167262783","01-01-2007"
"2167262882","01-01-2007"
"2167262981","01-01-2007"
"2167263080","01-01-2007"
"2167263179","01-01-2007"
"2167263278","01-01-2007"
"2167263377","01-01-2007"
"2167263476","01-01-2007"
"2167263575","01-01-2007"
"2167263674","01-01-2007"
"2167263773","01-01-2007"
"2167263872","01-01-2007"
"2167263971","01-01-2007"
"2167264070","01-01-2007"
"2167264169","01-01-2007"
"2167264268","01-01-2007"
"2167264367","01-01-2007"
"2167264466","01-01-2007"
"2167264565","01-01-2007"
"2167264664","01-01-2007"
"2167264763","01-01-2007"
"2167264862","01-01-2007"
"2167264961","01-01-2007"
"2167265060","01-01-2007"
"2167265159","01-01-2007"
"2167265258","01-01-2007"
"2167265357","01-01-2007"
"2167265456","01-01-2007"
"2167265555","01-01-2007"
"2167265654","01-01-2007"
"2167265753","01-01-2007"
"2167265852","01-01-2007"
"2167265951","01-01-2007"
"2167266050","01-01-2007"
"2167266149","01-01-2007"
"2167266248","01-01-2007"
"2167266347","01-01-2007"
"2167266446","01-01-2007"
"2167266545","01-01-2007"
"2167266644","01-01-2007"
"2167266743","01-01-2007"
"2167266842","01-01-2007"
"2167266941","01-01-2007"
"2167267040","01-01-2007"
"2167267238","01-01-2007"
"2167267337","01-01-2007"
"2167267436","01-01-2007"
"2167267535","01-01-2007"
"2167267634","01-01-2007"
"2167267733","01-01-2007"
"2167267832","01-01-2007"
"2167267931","01-01-2007"
"2167268030","01-01-2007"
"2167268129","01-01-2007"
"2167268228","01-01-2007"
"2167268327","01-01-2007"
"2167268426","01-01-2007"
"2167268525","01-01-2007"
"2167268624","01-01-2007"
"2167268723","01-01-2007"
"2167268921","01-01-2007"
"2167269020","01-01-2007"
"2167269119","01-01-2007"
"2167269218","01-01-2007"
"2167269317","01-01-2007"
"2167269416","01-01-2007"
"2167269515","01-01-2007"
"2167269614","01-01-2007"
"2167269713","01-01-2007"
"2167269812","01-01-2007"
"2167269911","01-01-2007"
"2167270010","01-01-2007"
"2167270109","01-01-2007"
"2167270208","01-01-2007"
"2167270307","01-01-2007"
"2167270406","01-01-2007"
"2167270505","01-01-2007"
"2167270604","01-01-2007"
"2167270703","01-01-2007"
"2167270802","01-01-2007"
"2167270901","01-01-2007"
"2167271097","01-01-2007"
"2167271196","01-01-2007"
"2167271394","01-01-2007"
"2167271493","01-01-2007"
"2167271592","01-01-2007"
"2167271691","01-01-2007"
"2167271790","01-01-2007"
"2167271889","01-01-2007"
"2167271988","01-01-2007"
"2167272087","01-01-2007"
"2167272186","01-01-2007"
"2167272285","01-01-2007"
"2167272384","01-01-2007"
"2167272483","01-01-2007"
"2167272582","01-01-2007"
"2167272681","01-01-2007"
"2167272978","01-01-2007"
"2167273077","01-01-2007"
"2167273176","01-01-2007"
"2167273275","01-01-2007"
"2167273374","01-01-2007"
"2167273473","01-01-2007"
"2167273572","01-01-2007"
"2167273671","01-01-2007"
"2167273770","01-01-2007"
"2167273869","01-01-2007"
"2167273968","01-01-2007"
"2167274067","01-01-2007"
"2167274166","01-01-2007"
"2167274265","01-01-2007"
"2167274364","01-01-2007"
"2167274463","01-01-2007"
"2167274562","01-01-2007"
"2167274661","01-01-2007"
"2167274760","01-01-2007"
"2167274859","01-01-2007"
"2167274958","01-01-2007"
"2167275057","01-01-2007"
"2167275156","01-01-2007"
"2167275255","01-01-2007"
"2167275354","01-01-2007"
"2167275552","01-01-2007"
"2167275750","01-01-2007"
"2167275849","01-01-2007"
"2167275948","01-01-2007"
"2167276047","01-01-2007"
"2167276146","01-01-2007"
"2167276245","01-01-2007"
"2167276344","01-01-2007"
"2167276443","01-01-2007"
"2167276542","01-01-2007"
"2167276641","01-01-2007"
"2167276740","01-01-2007"
"2167276839","01-01-2007"
"2167277037","01-01-2007"
"2167277136","01-01-2007"
"2167277235","01-01-2007"
"2167277334","01-01-2007"
"2167277433","01-01-2007"
"2167277532","01-01-2007"
"2167277631","01-01-2007"
"2167277730","01-01-2007"
"2167277829","01-01-2007"
"2167277928","01-01-2007"
"2167278126","01-01-2007"
"2167278225","01-01-2007"
"2167278324","01-01-2007"
"2167278423","01-01-2007"
"2167278522","01-01-2007"
"2167278621","01-01-2007"
"2167278720","01-01-2007"
"2167278819","01-01-2007"
"2167278918","01-01-2007"
"2167279017","01-01-2007"
"2167279116","01-01-2007"
"2167279215","01-01-2007"
"2167279314","01-01-2007"
"2167279413","01-01-2007"
"2167279512","01-01-2007"
"2167279611","01-01-2007"
"2167279710","01-01-2007"
"2167279809","01-01-2007"
"2167279908","01-01-2007"
"2167280007","01-01-2007"
"2167280106","01-01-2007"
"2167280205","01-01-2007"
"2167280304","01-01-2007"
"2167280403","01-01-2007"
"2167280601","01-01-2007"
"2167280797","01-01-2007"
"2167280896","01-01-2007"
"2167280995","01-01-2007"
"2167281094","01-01-2007"
"2167281193","01-01-2007"
"2167281292","01-01-2007"
"2167281391","01-01-2007"
"2167281490","01-01-2007"
"2167281589","01-01-2007"
"2167281688","01-01-2007"
"2167281787","01-01-2007"
"2167281886","01-01-2007"
"2167281985","01-01-2007"
"2167282084","01-01-2007"
"2167282183","01-01-2007"
"2167282282","01-01-2007"
"2167282480","01-01-2007"
"2167282579","01-01-2007"
"2167282678","01-01-2007"
"2167282777","01-01-2007"
"2167282876","01-01-2007"
"2167282975","01-01-2007"
"2167283074","01-01-2007"
"2167283173","01-01-2007"
"2167283272","01-01-2007"
"2167283371","01-01-2007"
"2167283470","01-01-2007"
"2167283569","01-01-2007"
"2167283668","01-01-2007"
"2167283767","01-01-2007"
"2167283866","01-01-2007"
"2167283965","01-01-2007"
"2167284064","01-01-2007"
"2167284163","01-01-2007"
"2167284262","01-01-2007"
"2167284361","01-01-2007"
"2167284460","01-01-2007"
"2167284559","01-01-2007"
"2167284658","01-01-2007"
"2167284757","01-01-2007"
"2167284856","01-01-2007"
"2167284955","01-01-2007"
"2167285054","01-01-2007"
"2167285153","01-01-2007"
"2167285252","01-01-2007"
"2167285351","01-01-2007"
"2167285450","01-01-2007"
"2167285648","01-01-2007"
"2167285747","01-01-2007"
"2167285846","01-01-2007"
"2167285945","01-01-2007"
"2167286044","01-01-2007"
"2167286143","01-01-2007"
"2167286242","01-01-2007"
"2167286341","01-01-2007"
"2167286440","01-01-2007"
"2167286539","01-01-2007"
"2167286638","01-01-2007"
"2167286737","01-01-2007"
"2167286836","01-01-2007"
"2167286935","01-01-2007"
"2167287034","01-01-2007"
"2167287133","01-01-2007"
"2167287232","01-01-2007"
"2167287331","01-01-2007"
"2167287430","01-01-2007"
"2167287529","01-01-2007"
"2167287727","01-01-2007"
"2167287826","01-01-2007"
"2167287925","01-01-2007"
"2167288024","01-01-2007"
"2167288123","01-01-2007"
"2167288222","01-01-2007"
"2167288321","01-01-2007"
"2167288519","01-01-2007"
"2167288618","01-01-2007"
"2167288717","01-01-2007"
"2167288816","01-01-2007"
"2167288915","01-01-2007"
"2167289014","01-01-2007"
"2167289113","01-01-2007"
"2167289212","01-01-2007"
"2167289311","01-01-2007"
"2167289410","01-01-2007"
"2167289509","01-01-2007"
"2167289608","01-01-2007"
"2167289707","01-01-2007"
"2167289806","01-01-2007"
"2167289905","01-01-2007"
"2167290004","01-01-2007"
"2167290103","01-01-2007"
"2167290301","01-01-2007"
"2167290596","01-01-2007"
"2167290695","01-01-2007"
"2167290794","01-01-2007"
"2167290893","01-01-2007"
"2167290992","01-01-2007"
"2167291091","01-01-2007"
"2167291190","01-01-2007"
"2167291289","01-01-2007"
"2167291388","01-01-2007"
"2167291487","01-01-2007"
"2167291685","01-01-2007"
"2167291784","01-01-2007"
"2167291883","01-01-2007"
"2167291982","01-01-2007"
"2167292081","01-01-2007"
"2167292180","01-01-2007"
"2167292279","01-01-2007"
"2167292378","01-01-2007"
"2167292477","01-01-2007"
"2167292576","01-01-2007"
"2167292774","01-01-2007"
"2167292873","01-01-2007"
"2167292972","01-01-2007"
"2167293071","01-01-2007"
"2167293170","01-01-2007"
"2167293269","01-01-2007"
"2167293368","01-01-2007"
"2167293665","01-01-2007"
"2167293764","01-01-2007"
"2167293863","01-01-2007"
"2167293962","01-01-2007"
"2167294061","01-01-2007"
"2167294160","01-01-2007"
"2167294259","01-01-2007"
"2167294358","01-01-2007"
"2167294556","01-01-2007"
"2167294655","01-01-2007"
"2167294754","01-01-2007"
"2167294853","01-01-2007"
"2167294952","01-01-2007"
"2167295051","01-01-2007"
"2167295150","01-01-2007"
"2167295249","01-01-2007"
"2167295348","01-01-2007"
"2167295546","01-01-2007"
"2167295645","01-01-2007"
"2167295843","01-01-2007"
"2167295942","01-01-2007"
"2167296041","01-01-2007"
"2167296140","01-01-2007"
"2167296239","01-01-2007"
"2167296338","01-01-2007"
"2167296437","01-01-2007"
"2167296536","01-01-2007"
"2167296734","01-01-2007"
"2167296932","01-01-2007"
"2167297031","01-01-2007"
"2167297130","01-01-2007"
"2167297229","01-01-2007"
"2167297625","01-01-2007"
"2167297724","01-01-2007"
"2167298219","01-01-2007"
"2167298318","01-01-2007"
"2167298417","01-01-2007"
"2167298615","01-01-2007"
"2167298912","01-01-2007"
"2167299407","01-01-2007"
"2167299704","01-01-2007"
"2167299902","01-01-2007"
"2167300296","01-01-2007"
"2167300395","01-01-2007"
"2167300791","01-01-2007"
"2167301088","01-01-2007"
"2167301187","01-01-2007"
"2167301385","01-01-2007"
"2167301583","01-01-2007"
"2167301682","01-01-2007"
"2167301781","01-01-2007"
"2167301979","01-01-2007"
"2167302078","01-01-2007"
"2167302177","01-01-2007"
"2167302375","01-01-2007"
"2167302672","01-01-2007"
"2167302771","01-01-2007"
"2167302969","01-01-2007"
"2167303167","01-01-2007"
"2167303266","01-01-2007"
"2167303365","01-01-2007"
"2167303464","01-01-2007"
"2167303563","01-01-2007"
"2167303662","01-01-2007"
"2167305048","01-01-2007"
"2167305543","01-01-2007"
"2167305840","01-01-2007"
"2167305939","01-01-2007"
"2167306038","01-01-2007"
"2167306137","01-01-2007"
"2167306236","01-01-2007"
"2167306335","01-01-2007"
"2167306434","01-01-2007"
"2167306533","01-01-2007"
"2167306632","01-01-2007"
"2167306830","01-01-2007"
"2167306929","01-01-2007"
"2167307127","01-01-2007"
"2167307226","01-01-2007"
"2167307424",
"2167307523","01-01-2007"
"2167307622","01-01-2007"
"2167307721","01-01-2007"
"2167307820","01-01-2007"
"2167307919","01-01-2007"
"2167308018","01-01-2007"
"2167308117","01-01-2007"
"2167308216","01-01-2007"
"2167308315","01-01-2007"
"2167308414","01-01-2007"
"2167308513","01-01-2007"
"2167308612","01-01-2007"
"2167308810","01-01-2007"
"2167309701","01-01-2007"
"2167309897","01-01-2007"
"2167311283","01-01-2007"
"2167311382","01-01-2007"
"2167311481","01-01-2007"
"2167311679","01-01-2007"
"2167311778","01-01-2007"
"2167311877","01-01-2007"
"2167311976","01-01-2007"
"2167312075","01-01-2007"
"2167312174","01-01-2007"
"2167312273","01-01-2007"
"2167312372","01-01-2007"
"2167312570","01-01-2007"
"2167312669","01-01-2007"
"2167312768","01-01-2007"
"2167312867","01-01-2007"
"2167312966","01-01-2007"
"2167313065","01-01-2007"
"2167313164","01-01-2007"
"2167313263","01-01-2007"
"2167313362","01-01-2007"
"2167313461","01-01-2007"
"2167313560","01-01-2007"
"2167313758","01-01-2007"
"2167313857","01-01-2007"
"2167313956","01-01-2007"
"2167314055","01-01-2007"
"2167314154","01-01-2007"
"2167314748","01-01-2007"
"2167314847",
"2167314946","01-01-2007"
"2167315045","01-01-2007"
"2167315144",
"2167315837","01-01-2007"
"2167315936","01-01-2007"
"2167318411","01-01-2007"
"2167623861","07-01-2008"
"2167791137","03-01-1968"
"2167859433","18-06-1991"
"2167877843","03-01-1968"
"2167878437","01-07-2003"
"2167890018","01-07-2003"
"2167913475","01-10-2005"
"2167916247","15-12-2005"
"2167917930","09-06-1956"
"2167990778","19-01-2006"
"2168036508","01-01-2007"
"2168039278","01-01-2007"
"2168039575","01-01-2007"
"2168039674","01-01-2007"
"2168050760","10-03-2006"
"2168077385","01-01-2007"
"2168077583","01-01-2007"
"2168078474","01-01-2007"
"2168079068","01-01-2007"
"2168091144","01-01-2007"
"2168093520","24-04-2006"
"2168094312","25-04-2006"
"2168181711","31-01-2008"
"2168181909","31-01-2008"
"2168211504","01-02-2008"
"2168212690","01-02-2008"
"2168213284","01-02-2008"
"2168213581","01-02-2008"
"2168214472","01-02-2008"
"2168216155","01-02-2008"
"2168216254","01-02-2008"
"2168243176","04-02-2008"
"2168245750","04-02-2008"
"2168274751",
"2168284451","05-02-2008"
"2168289795","05-02-2008"
"2168289894","05-02-2008"
"2168290092","05-02-2008"
"2169222381","29-10-1980"
"2169223173","01-01-2007"
"2169224064","01-01-2007"
"2169224955","01-01-2007"
"2169225351","01-01-2007"
"2169225549","01-01-2007"
"2169225747","01-01-2007"
"2169225945","01-01-2007"
"2169226044","01-01-2007"
"2169227034","01-01-2007"
"2169227331","01-01-2007"
"2169227430","01-01-2007"
"2169227727","01-01-2007"
"2169230004","01-01-2007"
"2169231289",
"2169231487","01-01-2007"
"2169231784","01-01-2007"
"2169232774","01-01-2007"
"2169233368","01-01-2007"
"2169233467","01-01-2007"
"2169233764","01-01-2007"
"2169234457","01-01-2007"
"2169234853",
"2169235249","01-01-2007"
"2169235546","01-01-2007"
"2169235744","01-01-2007"
"2169235942","01-01-2007"
"2169236437","01-01-2007"
"2169236635","01-01-2007"
"2169236932","01-01-2007"
"2169237229","01-01-2007"
"2169237625","01-01-2007"
"2169237922","01-01-2007"
"2169238219","01-01-2007"
"2169245048","01-01-2007"
"2169245246","01-01-2007"
"2169245345","01-01-2007"
"2169245840","01-01-2007"
"2169245939","01-01-2007"
"2169246335","01-01-2007"
"2169246632","01-01-2007"
"2169247226","01-01-2007"
"2169247325","01-01-2007"
"2169247721","01-01-2007"
"2169247820","01-01-2007"
"2169248018","01-01-2007"
"2169248711","01-01-2007"
"2169249107","01-01-2007"
"2169249305","01-01-2007"
"2169249503","01-01-2007"
"2169249602","01-01-2007"
"2169249897","01-01-2007"
"2169251382","01-01-1995"
"2169251679","01-01-1995"
"2169251778","01-01-2007"
"2169251976","01-01-2007"
"2169252372","01-01-2007"
"2169252570","01-01-2007"
"2169252768","01-01-2007"
"2169252966","01-01-2007"
"2169253065","01-01-2007"
"2169253263","01-01-2007"
"2169253659","01-01-2007"
"2169253956","01-01-2007"
"2169254154","01-01-2007"
"2169254253","01-01-2007"
"2169254451","01-01-2007"
"2169254649","01-01-2007"
"2169254748","01-01-2007"
"2169255045","01-01-2007"
"2169255144","01-01-2007"
"2169258807","01-01-2007"
"2169258906","01-01-2007"
"2169259302","01-01-2007"
"2169259696","01-01-2007"
"2169260785","01-01-2007"
"2169260983","01-01-2007"
"2169261379","01-01-2007"
"2169261478","01-01-2007"
"2169261676","01-01-2007"
"2169261874","01-01-2007"
"2169262666","01-01-2007"
"2169262963","01-01-2007"
"2169263557","01-01-2007"
"2169263854","01-01-2007"
"2169264151","01-01-2007"
"2169264349","01-01-2007"
"2169264448","01-01-2007"
"2169264646","01-01-2007"
"2169267913","01-01-2007"
"2169268210","01-01-2007"
"2169268507","01-01-2007"
"2169268804","01-01-2007"
"2169268903","01-01-2007"
"2169269990","01-01-2007"
"2169270287","01-01-2007"
"2169270584","01-01-2007"
"2169270782","01-01-2007"
"2169271079","01-01-2007"
"2169271376","01-01-2007"
"2169271772","01-01-2007"
"2169271871","01-01-2007"
"2169273257","01-01-2007"
"2169273356","01-01-2007"
"2169273950","01-01-2007"
"2169274643","01-01-2007"
"2169274742","01-01-2007"
"2169274841","01-01-2007"
"2169277910","01-01-2007"
"2169278207","01-01-2007"
"2169278504","01-01-2007"
"2169278603","01-01-2007"
"2169278801","01-01-2007"
"2169279096","01-01-2007"
"2169279987","01-01-2007"
"2169280185","01-01-2007"
"2169280383","01-01-2007"
"2169280581","01-01-2007"
"2169280779","01-01-2007"
"2169281175","01-01-2007"
"2169281472","01-01-2007"
"2169281670","01-01-2007"
"2169281868","01-01-2007"
"2169282363","01-01-2007"
"2169282957","01-01-2007"
"2169285135","01-01-2007"
"2169285828","01-01-2007"
"2169286026","01-01-2007"
"2169286125","01-01-2007"
"2169288697","01-01-2007"
"2169291073","01-01-2007"
"2169293251","01-01-2007"
"2169293746","01-01-2007"
"2169294142","01-01-2007"
"2169294241","01-01-2007"
"2169294439","01-01-2007"
"2169295033","01-01-2007"
"2169295924","01-01-2007"
"2169296518","01-01-2007"
"2169302060","01-01-2007"
"2169302456","01-01-2007"
"2169303050","01-01-2007"
"2169304238","01-01-2007"
"2169304634","01-01-2007"
"2169305030","01-01-2007"
"2169305723","01-01-2007"
"2169306911","01-01-2007"
"2169307604","01-01-2007"
"2169307802","01-01-2007"
"2169310572",
"2169311562","01-01-2007"
"2169312057","01-01-2007"
"2169312255","01-01-2007"
"2169313641",
"2169313938","01-01-2007"
"2169314631","01-01-2007"
"2169315918","01-01-2007"
"2169316710","01-01-2007"
"2169316809","01-01-2007"
"2169326014","01-01-2007"
"2169326311","01-01-2007"
"2169326509","01-01-2007"
"2169326707","01-01-2007"
"2169326905","01-01-2007"
"2169328982","01-01-2007"
"2169329378","01-01-2007"
"2169329873","01-01-2007"
"2169333536","01-01-2007"
"2169340068","01-01-2007"
"2169340266","01-01-2007"
"2169340563","01-01-2007"
"2169340662","01-01-2007"
"2169340959","01-01-2007"
"2169341850","01-01-2007"
"2169342048","01-01-2007"
"2169342147","01-01-2007"
"2169342543","01-01-2007"
"2169343335","01-01-2007"
"2169343731","01-01-2007"
"2169344028","01-01-2007"
"2169344127","01-01-2007"
"2169345909","01-01-2007"
"2169346008","01-01-2007"
"2169346503","01-01-2007"
"2169346602","01-01-2007"
"2169347095","01-01-2007"
"2169347689","01-01-2007"
"2169347887","01-01-2007"
"2169348085","01-01-2007"
"2169349669","01-01-2007"
"2169349867","01-01-2007"
"2169349966","01-01-2007"
"2169350164","01-01-2007"
"2169350461","01-01-2007"
"2169350758","01-01-2007"
"2169351055","01-01-2007"
"2169351154","01-01-2007"
"2169351649","01-01-2007"
"2169352045","01-01-2007"
"2169352144","01-01-2007"
"2169352342","01-01-2007"
"2169352738","01-01-2007"
"2169353233","01-01-2007"
"2169353728","01-01-2007"
"2169354124","01-01-2007"
"2169354421","01-01-2007"
"2169354916","01-01-2007"
"2169355114","01-01-2007"
"2169355213","01-01-2007"
"2169355807","01-01-2007"
"2169356203","01-01-2007"
"2169356597","01-01-2007"
"2169356894","01-01-2007"
"2169357488","01-01-2007"
"2169359171","01-01-2007"
"2169359369","01-01-2007"
"2169368277","01-01-2007"
"2169368574","01-01-2007"
"2169368772","01-01-2007"
"2169369168","01-01-2007"
"2169369366","01-01-2007"
"2169369465","01-01-2007"
"2169369762","01-01-2007"
"2169370059","01-01-2007"
"2169370158","01-01-2007"
"2169370752","01-01-2007"
"2169371049","01-01-2007"
"2169371148","01-01-2007"
"2169371544","01-01-2007"
"2169374217","01-01-2007"
"2169374712","01-01-2007"
"2169374811","01-01-2007"
"2169374910","01-01-2007"
"2169375108","01-01-2007"
"2169375306","01-01-2007"
"2169375801","01-01-2007"
"2169376096","01-01-2007"
"2169376690","01-01-2007"
"2169376987","01-01-2007"
"2169377086","01-01-2007"
"2169377284","01-01-2007"
"2169383818","01-01-2007"
"2169385105","01-01-2007"
"2169385402","01-01-2007"
"2169386588","01-01-2007"
"2169386687","01-01-2007"
"2169387380","01-01-2007"
"2169388073","01-01-2007"
"2169388271","01-01-2007"
"2169394013","01-01-2007"
"2169394508","01-01-2007"
"2169394706","01-01-2007"
"2169395201","01-01-2007"
"2169395793","01-01-2007"
"2169396189","01-01-2007"
"2169396783","01-01-2007"
"2169397080","01-01-2007"
"2169397377","01-01-2007"
"2169397476","01-01-2007"
"2169397872","01-01-2007"
"2169398169","01-01-2007"
"2169398367","01-01-2007"
"2169398466","01-01-2007"
"2169398862","01-01-2007"
"2169398961","01-01-2007"
"2169399159","01-01-2007"
"2169399258","01-01-2007"
"2169399852","01-01-2007"
"2169400050","01-01-2007"
"2169400248","01-01-2007"
"2169400941","01-01-2007"
"2169408265","01-01-2007"
"2169408760","01-01-2007"
"2169409156","01-01-2007"
"2169409453","01-01-2007"
"2169409651","01-01-2007"
"2169409948","01-01-2007"
"2169410245","01-01-2007"
"2169410641","01-01-2007"
"2169410740",
"2169410938","01-01-2007"
"2169411136","01-01-2007"
"2169411235","01-01-2007"
"2169411433","01-01-2007"
"2169411730","01-01-2007"
"2169412027","01-01-2007"
"2169412324","01-01-2007"
"2169412423","01-01-2007"
"2169412621","01-01-2007"
"2169412819","01-01-2007"
"2169413017","01-01-2007"
"2169413314","01-01-2007"
"2169413512","01-01-2007"
"2169413611","01-01-2007"
"2169414106","01-01-2007"
"2169416777","01-01-2007"
"2169416876","01-01-2007"
"2169417470","01-01-2007"
"2169418658","01-01-2007"
"2169423509","01-01-2007"
"2169423608","01-01-2007"
"2169424103","01-01-2007"
"2169424596","01-01-2007"
"2169425289","01-01-2007"
"2169425487","01-01-2007"
"2169659376","01-01-2007"
"2169662544","01-01-2007"
"2169663435","01-01-2007"
"2169663831","01-01-2007"
"2169663930","01-01-2007"
"2169664227","01-01-2007"
"2169664722","01-01-2007"
"2169664920","01-01-2007"
"2169665019","01-01-2007"
"2169665217","01-01-2007"
"2169665613","01-01-2007"
"2169672442","01-01-2007"
"2169672640","01-01-2007"
"2171993118","01-04-1989"
"2172317671","15-09-2008"
"2172865722","01-09-2008"
"2173050715","01-04-1989"
"2174100392","01-04-1989"
"2174591629","01-01-2003"
"2174710009","01-01-2003"
"2175876482","20-01-2003"
"2177668806","01-09-2007"
"2178778663","01-01-2007"
"2180819425","15-09-2009"
"2180849020","01-09-2009"
"2181293834","01-01-2009"
"2181294032","01-01-2009"
"2181295517","01-01-2009"
"2181297792","01-01-2009"
"2181299772","01-01-2009"
"2181311947","01-01-2009"
"2181313828","01-01-2009"
"2183284017","01-01-2008"
"2184748123","01-04-2007"
"2184748321","01-04-2007"
"2184748915","01-04-2007"
"2184749113","01-01-2010"
"2184749311","01-04-2007"
"2184750103","01-04-2007"
"2185127710","04-01-2010"
"2186408209",
"2187351780","01-01-2008"
"2187406319","01-01-2008"
"2187780758","02-07-1932"
"2188146091","01-01-2008"
"2188474309","01-01-2007"
"2188944659","01-01-2008"
"2188947629","01-01-2008"
"2188948223",
"2189654046","01-09-2014"
"2189654244","01-09-2014"
"2189654343","01-01-2010"
"2192306896","01-09-2010"
"2194085263","01-01-2008"
"2195044276",
"2196763552","01-01-2008"
"2196858869","01-01-2008"
"2199067994","01-01-2008"
"2199164501","01-01-2008"
"2199165192","01-01-2008"
"2199618322","01-01-1987"
"2199835482","01-01-2010"
"2199976430","02-03-2010"
"2200979983","01-09-2011"
"2201521106","01-09-2011"
"2202252861","01-09-2011"
"2202378961","01-09-2011"
"2202887123","01-01-2008"
"2202888212","01-01-2008"
"2203225633","01-09-2011"
"2203566915","01-09-2011"
"2203707564","01-04-1989"
"2204321139","01-01-2008"
"2204613822","01-01-2008"
"2205546210","25-06-1977"
"2206033584","01-01-2008"
"2206348241","26-01-2012"
"2206713178","01-01-2008"
"2207000319","01-01-2011"
"2207000814","01-01-2011"
"2207267662","01-01-2008"
"2207368523","01-01-2008"
"2207731183","01-01-2012"
"2207857481","01-09-2011"
"2208269831","01-01-2008"
"2210289510","19-06-2012"
"2210514489","01-01-2008"
"2211127668","01-09-2012"
"2211488746","01-01-2008"
"2211508542","01-01-2008"
"2211510819","01-01-2008"
"2211511116","01-01-2008"
"2211946230","01-01-2008"
"2211965729","01-01-2008"
"2212089453","05-09-2012"
"2212482205","01-09-2012"
"2212482601","01-09-2012"
"2212482896","01-09-2012"
"2212710649","01-01-2008"
"2212881685","01-01-2008"
"2212883665","01-01-2008"
"2212949486","01-01-2008"
"2212958196","01-01-2008"
"2212960275","01-01-2008"
"2212962057","01-01-2008"
"2212964928","01-01-2008"
"2212973242","01-01-2008"
"2212974133","01-01-2008"
"2213229796","01-04-1989"
"2213404891","01-04-1989"
"2213576721","01-01-2008"
"2213864355","01-09-2012"
"2213864652","01-09-2012"
"2216080707","01-02-2013"
"2216798210","01-03-2013"
"2216834337","01-03-2013"
"2218079895","01-04-2013"
"2218279538","01-01-2008"
"2218478387","07-03-2013"
"2219194506","01-09-2011"
"2219547763","01-01-2008"
"2219695639","01-09-2008"
"2220385824","01-09-2013"
"2220418981",
"2221175680","01-09-2013"
"2221334147","01-09-2012"
"2221412143","01-09-2013"
"2221550220","01-09-2013"
"2221615546","01-01-2008"
"2221860521","01-10-2008"
"2221989094","01-09-2013"
"2223667590","01-09-2012"
"2223671649","01-09-2011"
"2223747368","01-09-2013"
"2223819624","01-01-2008"
"2223907023","01-01-2008"
"2224138437","01-09-2010"
"2224148434","01-01-2008"
"2224185056","01-09-2008"
"2224188719","01-01-2008"
"2224189214","01-01-2008"
"2224191687","01-09-2010"
"2224192479","01-09-2012"
"2224197429","01-01-2008"
"2224211384","01-09-2011"
"2224219896","01-01-2008"
"2224220193","01-09-2009"
"2224235041","01-09-2013"
"2224243949","01-09-2007"
"2224245929","01-09-2012"
"2224395981","01-09-2010"
"2224396872","01-09-2009"
"2224398060","01-09-2013"
"2224400535","01-01-2007"
"2224418747","01-01-2008"
"2224428843","01-04-1991"
"2224429338","01-04-1991"
"2224519410","01-09-2009"
"2224649864","01-01-2007"
"2224694703","01-01-2007"
"2224698760","01-09-2011"
"2224699552","01-09-2011"
"2224700443","01-09-2008"
"2224725088","01-11-2013"
"2224905232","01-01-2007"
"2224906123","01-01-2007"
"2224908992","01-03-2010"
"2224909784","01-09-2012"
"2224918791","28-10-2013"
"2225283829","01-09-2013"
"2225283928","01-09-2012"
"2225291054","01-09-2012"
"2225302338","15-10-2013"
"2225379344","01-09-2013"
"2225428933","01-09-2008"
"2225465159","01-01-2008"
"2225474067","01-01-2008"
"2225515936","01-09-2008"
"2225566911","01-01-2008"
"2225675193","01-01-2008"
"2225698058","01-09-2007"
"2226759912","01-01-2008"
"2226780597","01-09-2007"
"2228769196","28-03-2014"
"2229043073","01-01-2008"
"2229080586","01-01-2008"
"2229434835","01-01-2008"
"2229529360","01-01-2008"
"2229678919","01-01-2008"
"2229893210","01-01-2014"
"2230215684","01-04-1989"
"2230954864","01-09-2014"
"2231680879","01-01-2007"
"2231699091","01-01-2007"
"2231716315","01-01-2007"
"2232060961","01-01-2008"
"2232525571","01-09-2014"
"2232526066","01-09-2014"
"2233022647","01-09-2014"
"2233222783","05-08-2014"
"2233361751","01-01-2008"
"2233421931","01-01-2008"
"2233424703","01-01-2008"
"2233620285","01-09-2014"
"2233783603","01-09-2014"
"2234076383","01-09-2014"
"2234078264","01-09-2014"
"2234079848","01-09-2014"
"2234080838","01-09-2014"
"2234088855","01-09-2014"
"2234094793","01-09-2014"
"2234160814","01-09-2014"
"2234365997","01-09-2014"
"2234523375","01-09-2014"
"2234547923","01-01-2008"
"2234553465","01-01-2008"
"2234584941","01-09-2014"
"2235337086","01-01-2008"
"2235349954",
"2235664611","01-04-1989"
"2235740825","01-01-2008"
"2235898401","01-01-2007"
"2236771203","01-09-2014"
"2236817228","01-09-2014"
"2237256894","01-09-2014"
"2237319153","01-09-2008"
"2238662604","01-01-2014"
"2239247077","01-09-2014"
"2240008627","01-09-2015"
"2240193917","01-01-2007"
"2240570831","01-01-2008"
"2240888555","01-04-2015"
"2240888753","01-04-2015"
"2241183119",
"2241283978","01-09-2015"
"2241531626","01-09-1984"
"2241532517","01-09-1984"
"2241576661","01-09-2014"
"2241779272","01-08-2013"
"2242096602","01-01-2007"
"2242798168","26-06-2015"
"2245376982","01-09-2015"
"2245377180","01-09-2015"
"2245427066","01-09-2015"
"2245635617","01-09-2015"
"2246423790","01-09-2015"
"2247232949","01-09-2015"
"2249682891","01-09-2015"
"2250639035","01-01-2016"
"2253457676","01-01-2008"
"2253542996","01-01-2016"
"2253557745","01-09-2015"
"2253738283","01-09-2016"
"2255385602","01-09-2016"
"2255575741","01-09-2016"
"2255614145","01-09-2016"
"2255830614","01-09-2016"
"2255831406","01-09-2016"
"2255863276","01-09-2016"
"2255880993","01-09-2016"
"2255925832","01-09-2016"
"2255957605","01-09-2016"
"2255960771","01-09-2016"
"2256374111","01-09-2016"
"2256440823","01-04-2015"
"2257205638","01-09-2014"
"2257401816","01-09-2013"
"2258004107","01-01-2007"
"2258597389","01-07-2016"
"2259281933","01-12-2016"
"2261652394","01-01-2008"
"2261652691","01-01-2008"
"2266916130","23-08-2017"
"2266943151","01-09-2017"
"2267286512","01-09-2017"
"2267286611","01-09-2017"
"2267286710","01-09-2015"
"2267690645","01-09-2017"
"2267727762","01-09-2017"
"2267749736","01-09-2017"
"2267844063","01-09-2017"
"2267877123","01-09-2017"
"2268065084","01-09-2017"
"2268788824","01-09-2017"
"2268790210","01-09-2017"
"2269501377","06-09-2017"
"2273567657","01-01-2016"
"2274094922","01-01-2008"
"2274095318","01-01-2008"
"2274095615","01-01-2008"
"2274095912","01-01-2008"
"2274241511","01-04-2018"
"2274241808","01-04-2018"
"2275318607","01-09-2017"
"2275558038","01-01-2008"
"2275558236","01-01-2008"
"2276382538","01-09-2018"
"2277827442","01-09-2018"
"2278412511","01-09-2018"
"2278529208","01-09-2018"
"2278532572","01-09-2018"
"2278674510","24-08-2018"
"2278809122","01-09-2018"
"2278853563","31-08-2018"
"2279031034","01-09-2018"
"2279385875","01-09-2018"
"2279476442","01-09-2018"
"2279490793","01-09-2018"
"2279694394","01-09-2018"
"2283085337","01-01-2019"
"2283136906","01-01-2019"
"2284320405","01-09-2018"
"2285207855","01-09-2018"
"2287095692","02-04-2019"
"2289239293","01-09-2019"
"2291181273","01-09-2019"
"2292248273","01-09-2019"
"2292426140","01-09-2019"
"2292434058","01-09-2019"
"2292525417","02-09-2019"
"2292557089","01-09-2019"
"2292633404","01-01-2015"
"2294693069","01-09-2019"
"2295082257","01-09-2019"
"2295108981","01-09-2019"
"2295120958","01-09-2018"
"2295147484","02-09-2019"
"2295182425","01-09-2019"
"2295197073","01-09-2019"
"2295298528","01-09-2019"
"2295300013","02-09-2019"
"2295364547","01-09-2018"
"2295686132","01-09-2018"
"2295738986","01-09-2019"
"2296576750","01-01-2007"
"2297068084","01-01-2020"
"2297069371","01-01-2020"
"2300866526","01-01-2020"
"2302169591","01-01-2020"
"2302404668","01-01-2020"
"2304628839","01-08-2020"
"2304762956","01-07-2020"
"2305291805","01-09-2020"
"2305981988","01-09-2020"
"2306000497","01-09-2020"
"2306249927","31-08-2020"
"2306634165","01-09-2020"
"2306736214","01-09-2020"
"2307850625","21-09-2020"
"2320586428","01-09-2021"
"2320662345","01-09-2021"
"2320783101","07-09-2021"
"2321134378","16-08-2021"
"2325712481","29-08-2020"
"2326456710","18-01-2021"
"2330075305","18-04-2022"
"2330098069","01-02-2008"
"2333532265","01-09-2019"
"2333532562","29-08-2022"
"2334677558","29-08-2022"
"2334830877","29-08-2022"
