1950,3857,1
95376,5010,1
1385,2788,1
1917,3802,1
3160,2211,1
1918,3803,1
1238,2448,1
2214,4458,1
877,1589,1
1939,3834,1
2231,4497,1
847,1522,1
2326,4664,1
95489,4233,1
2321,4656,1
360,681,1
3160,6444,1
414,761,1
2325,4663,1
1946,6692,1
855,1865,1
5071,2665,1
2325,4659,1
5140,2630,1
9,20,1
2227,4490,1
4807,4668,1
890,1617,1
847,6426,1
1936,3796,1
843,1600,1
843,1513,1
1939,3835,1
2113,4234,1
2145,4299,1
106,168,1
2318,4653,1
2116,4239,1
5032,656,1
95406,10311,1
1160,2298,1
2314,4650,1
1495,3009,1
1240,2451,1
382,726,1
3190,6041,1
1950,3854,1
1887,6442,1
5134,132,1
1038,1985,1
5118,5904,1
95329,10160,1
1391,2800,1
1038,1981,1
5030,191,1
1912,3820,1
5087,4253,1
5134,126,1
996,1885,1
2228,4493,1
5036,765,1
1959,3870,1
1967,3881,1
95335,4153,1
1939,3836,1
849,1530,1
2111,6735,1
95441,4248,1
1815,3612,1
346,653,1
118,7225,1
1037,1977,1
3170,186,1
95448,10376,1
2147,4302,1
360,680,1
875,1586,1
338,644,1
108,170,1
1354,2717,1
95329,10159,1
2882,5700,1
95439,4303,1
879,1595,1
3083,6121,1
1972,3886,1
1958,3868,1
1968,3882,1
2114,4298,1
331,635,1
93,151,1
237,386,1
408,754,1
829,1484,1
385,729,1
95253,10084,1
5037,769,1
848,1593,1
874,1585,1
2423,4889,1
334,639,1
19,31,1
845,1517,1
19,32,1
403,742,1
18,30,1
401,747,1
1912,3791,1
1966,3879,1
95335,3793,1
2172,4368,1
1385,2787,1
2111,4230,1
1324,2639,1
396,741,1
95346,10211,1
842,1509,1
94,152,1
413,760,1
76,127,1
2941,5846,1
2105,4220,1
2118,6767,1
1025,1932,1
95583,10584,1
891,1621,1
95439,4246,1
843,1512,1
1391,2799,1
5131,4674,1
1353,2716,1
332,637,1
5052,1760,1
1746,3475,1
1874,3729,1
862,6278,1
95441,4301,1
2228,4494,1
1431,2872,1
1138,2239,1
5116,5889,1
3190,6040,1
5930,745,1
1562,3127,1
2140,4290,1
875,1583,1
2942,5848,1
1820,6300,
5031,654,2
1923,3809,2
1446,2913,2
5931,9633,2
336,642,2
1396,2808,2
2884,5705,2
842,1510,2
5728,3863,2
412,759,2
405,751,2
5236,1632,2
1160,6421,2
95586,10587,2
861,1562,2
1892,3758,2
1768,3523,2
2096,4200,2
890,1615,2
835,1499,2
268,441,2
1965,3877,2
1188,2326,2
2118,4242,2
1176,6546,2
1943,3843,2
1306,2604,2
267,440,2
1386,2789,2
1846,3681,2
2276,4499,2
107,169,2
899,1636,2
95385,14,2
1940,3844,2
1172,6420,2
1963,3874,2
2317,4652,2
88,144,2
5139,6319,2
116,180,2
1919,3804,2
899,6297,2
1028,1958,2
863,1566,2
363,684,2
2324,4661,2
2230,4496,2
1354,2629,2
1821,3624,2
1933,3822,2
5029,214,2
890,1620,2
95388,727,2
362,683,2
95405,2093,2
243,395,2
2142,4293,2
95437,10353,2
20,33,2
395,740,2
5123,5800,2
2143,4295,2
3151,137,2
884,1604,2
1122,6302,2
1306,2606,2
95179,3757,2
240,392,2
1936,3827,2
1240,2447,2
5131,4675,2
2214,4461,2
1915,3798,2
986,1858,2
2121,4249,2
2452,4943,2
837,1501,2
5027,212,2
116,179,2
1887,6928,2
120,187,2
877,1592,2
1353,6778,2
397,743,2
1149,2259,2
1534,3090,2
95361,10223,2
5127,7375,2
852,1538,2
114,177,2
323,625,2
92,150,2
267,439,2
95406,10215,2
2106,4222,2
1248,2470,2
2078,4173,2
905,1648,2
5073,2596,2
1025,1951,2
386,730,2
410,757,2
341,648,2
2204,4441,2
2788,5518,2
83,138,2
2105,4219,2
1925,3811,2
1139,2240,2
2888,5716,2
898,1635,2
2324,4662,2
1302,2595,2
889,1627,2
1946,3848,2
2950,5866,2
2835,5615,2
95068,3728,2
2106,4223,2
905,1649,2
95320,184,2
3190,6042,2
201,321,2
1431,2875,2
848,1526,2
1659,3301,2
2092,4194,2
2281,4582,2
2669,5311,2
2104,4217,2
235,10461,2
383,728,2
993,1873,2
5118,5902,2
5077,3532,2
1075,2094,2
2106,4218,2
95322,10155,2
870,1579,2
1399,2815,2
1170,2294,3
2317,6283,3
2189,4406,3
1176,2303,3
1495,3023,3
2204,4460,3
2451,4936,3
2117,4241,3
1108,2178,3
1436,2892,3
1031,1960,3
1661,3307,3
1587,3180,3
896,1631,3
2940,5844,3
82,136,3
364,686,3
5035,687,3
993,1878,3
1815,3610,3
2951,5868,3
3044,6036,3
2105,4216,3
989,1869,3
90,147,3
333,638,3
850,1533,3
409,755,3
1320,2631,3
361,682,3
1143,2247,3
2173,4370,3
393,738,3
2322,4657,3
870,1599,3
1027,1953,3
1031,1959,3
387,731,3
10,21,3
340,647,3
95436,10352,3
230,370,3
1888,3753,3
1537,3095,3
1326,2634,3
3167,36,3
990,1891,3
243,396,3
1077,2098,3
99,160,3
2156,6921,3
906,1651,3
1277,7492,3
1745,3471,3
5099,5321,3
890,1616,3
335,640,3
398,744,3
2579,5162,3
2316,4648,3
95347,10212,3
2940,8880,3
1109,2179,3
1280,2543,3
1143,2233,3
2201,4456,3
1889,3755,3
6,15,3
1278,2542,3
1329,2649,3
2219,4476,3
5947,9643,3
2942,5852,3
1393,2802,3
325,627,3
1324,2638,3
2885,5715,3
95192,3847,3
1281,2541,3
1127,2221,3
244,398,3
2206,4446,3
4801,5138,3
2322,4658,3
1823,3628,3
311,609,3
889,1612,3
5054,1897,3
184,294,3
863,1568,3
1079,2104,3
850,1532,3
2742,5432,3
893,1622,3
1247,2468,3
5114,5591,3
407,753,3
1385,2770,3
1439,8941,3
893,1623,3
850,1535,3
1396,2807,3
95192,3824,3
1037,1976,3
2220,4477,3
1922,3808,3
324,626,3
1884,7349,3
1302,2592,3
1329,2650,3
1066,2075,3
3224,3462,3
829,1485,3
1018,1950,3
885,1606,3
5090,5007,3
1188,2325,3
1971,3885,3
1679,3331,3
2327,4665,3
1889,3747,3
85,141,3
903,1534,3
1037,1979,3
1550,3110,3
2100,4211,3
1327,2644,3
988,1864,3
1884,3752,3
1930,3819,3
95348,10214,3
1039,1987,3
2190,4408,3
1587,3173,3
5578,9335,3
98,159,3
95376,5009,3
891,1619,3
3044,6038,3
876,1588,3
1935,3797,3
898,1601,3
1485,2994,3
112,175,3
992,1877,3
1921,3812,3
1379,2775,3
5053,1894,3
1772,3527,3
3202,6333,3
7,16,4
5110,2839,4
95195,9878,4
871,1571,4
1856,3698,4
871,1580,4
1276,2531,4
2120,4247,4
1079,2105,4
2144,4296,4
1378,2780,4
279,456,4
1845,3682,4
990,1879,4
95136,4438,4
852,1539,4
184,293,4
2113,4237,4
415,762,4
1101,2161,4
1302,2594,4
5125,6124,4
1304,2599,4
1110,2181,4
1028,1957,4
1280,2530,4
197,315,4
2099,4209,4
1592,3187,4
95277,4367,4
97,158,4
614,1105,4
5129,4577,4
1161,2302,4
849,1531,4
1239,2449,4
456,847,4
2068,4151,4
1430,2871,4
307,603,4
897,1633,4
95534,6101,4
5060,3139,4
95,153,4
5130,7388,4
2862,5661,4
5757,9440,4
95068,3730,4
1075,2092,4
1109,2202,4
1587,3181,4
11,22,4
3142,6249,4
1745,3478,4
834,1497,4
1913,3794,4
1284,2551,4
1504,3033,4
1811,3604,4
5069,3221,4
4801,5139,4
235,384,4
1237,2444,4
5051,1736,4
2145,4297,4
95479,10419,4
5110,6304,4
3142,8881,4
3149,4437,4
2203,4453,4
439,808,4
989,1870,4
2139,4289,4
3098,6153,4
851,1536,4
2634,5256,4
5040,934,4
3191,1443,4
2954,5871,4
855,1544,4
869,1577,4
1323,2635,4
1282,2548,4
1496,3014,4
996,1884,4
3083,6120,4
830,1487,4
1138,2236,4
1237,2443,4
2089,4188,4
1476,2972,4
4813,1937,4
1963,3872,4
2483,5000,4
91,149,4
2484,5002,4
1498,3022,4
1431,2876,4
5115,5736,4
1236,2441,4
905,1551,4
95251,10083,4
1173,2299,4
5933,9634,4
5050,1724,4
5465,5094,4
1830,3644,4
1078,2102,4
95387,6311,4
1066,2027,4
5059,3072,4
2228,4492,4
848,1528,4
989,1887,4
95466,10407,4
1938,3833,4
1278,7494,4
2319,4654,4
2734,5415,4
1634,3262,4
1589,3176,4
3191,1442,4
2952,5869,4
1010,1921,4
876,9661,4
1242,2456,4
3039,6030,4
2107,4225,4
2943,5855,4
5074,3340,4
1031,1963,4
5107,2728,4
851,1537,4
5079,4843,4
1247,2472,4
314,614,4
1028,1955,4
842,1642,4
1075,2091,4
1499,3028,4
5012,5493,4
5119,6162,4
897,1634,4
1940,3837,4
3155,3461,4
5729,2084,4
1609,3215,4
1167,2290,4
3080,6115,4
2079,10104,4
1652,3287,4
903,1644,4
2152,4329,4
1747,3470,4
5234,1504,4
95250,455,4
71,121,4
1675,3326,4
675,1199,4
187,155,4
1977,3892,4
1907,3783,4
95445,4941,4
309,605,4
1037,1980,4
345,652,
882,1602,5
1379,2774,5
1016,7390,5
861,1561,5
776,1384,5
1928,3816,5
5039,438,5
1920,3805,5
95490,10433,5
95386,118,5
2115,4238,5
225,362,5
3162,5617,5
2189,4405,5
2888,5718,5
2885,5712,5
762,1344,5
12,24,5
856,1545,5
1353,8933,5
95384,13,5
771,1368,5
1534,6287,5
1910,3789,5
862,1565,5
306,602,5
1924,3810,5
95361,1573,5
2213,4442,5
886,1607,5
1949,3853,5
1884,3748,5
308,604,5
2103,4215,5
1277,7491,5
3160,2210,5
2370,4753,5
1240,2450,5
1915,3799,5
1390,2798,5
2314,4646,5
854,1543,5
2632,5249,5
1558,3123,5
993,1868,5
5928,9670,5
102,164,5
1397,2873,5
1561,3126,5
2098,4208,5
105,167,5
1253,2486,5
5055,2000,5
1483,2987,5
1521,3059,5
95350,5044,5
21,34,5
5094,5184,5
1113,2189,5
5728,3866,5
455,846,5
675,1201,5
1276,7493,5
4813,1938,5
226,364,5
5059,7223,5
1109,2180,5
3099,6155,5
1431,2806,5
2245,4516,5
5144,2432,5
836,1500,5
1656,3297,5
1052,2024,5
95572,5667,5
1054,2034,5
1238,2445,5
2186,4399,5
1377,2778,5
1438,2895,5
5021,1142,5
95362,10224,5
2732,5413,5
2206,4445,5
95569,2889,5
1876,3732,5
5054,1896,5
1190,2328,5
1747,3469,5
1037,1978,5
1018,1934,5
1168,2292,5
1077,2096,5
2904,5756,5
1913,4172,5
1894,3759,5
1128,2226,5
1625,3241,5
1378,2771,5
2070,4157,5
1680,3332,5
1974,3888,5
2189,4404,5
1954,3860,5
1187,2320,5
2320,4655,5
95254,10085,5
104,166,5
2229,4495,5
5120,6178,5
2960,5880,5
1589,3179,5
95336,9806,5
1284,2552,5
1283,2550,5
17,29,5
841,1506,5
3183,314,5
95519,3745,5
1181,2313,5
95337,10166,5
1176,2306,5
1495,3011,5
95430,10344,5
95435,10350,5
1816,3614,5
95335,4150,5
3142,6252,5
5114,5592,5
1101,2160,5
241,393,5
2245,4517,5
95434,10349,5
1925,3814,5
1042,1995,5
2189,4395,5
864,1569,5
5070,2611,5
1566,3134,5
86,142,5
51,87,5
14,26,5
2551,5125,5
95450,1923,5
1721,3402,5
4806,2315,5
1944,3845,5
1323,2637,5
2879,5695,5
1388,2795,
1397,2810,6
1586,3175,6
2148,4304,6
344,651,6
2108,4226,6
95377,10286,6
95359,3295,6
5079,7389,6
2819,5581,6
269,442,6
95074,3253,6
2778,5501,6
5080,4855,6
95379,845,6
95352,6749,6
5014,3652,6
1189,2327,6
454,844,6
1161,2280,6
95567,11,6
95335,4155,6
1115,2190,6
3191,1444,6
1610,3223,6
1384,2786,6
1149,2260,6
1576,3157,6
2098,4207,6
95323,10156,6
1016,1931,6
906,1549,6
198,318,6
1137,2238,6
867,1574,6
95569,2890,6
1621,3234,6
1497,3020,6
95480,10424,6
1100,2159,6
2186,4403,6
2885,5708,6
1821,3623,6
1592,3185,6
95321,10154,6
5734,9405,6
1770,3525,6
3078,6113,6
16,28,6
5102,5454,6
1140,2243,6
5151,5240,6
867,1554,6
853,1540,6
1457,2931,6
309,606,6
2882,5701,6
2277,4573,6
1096,2151,6
839,1503,6
3203,6334,6
1927,3815,6
95261,641,6
5113,5554,6
95511,428,6
2874,5687,6
5020,1014,6
848,1527,6
2207,4449,6
1616,3225,6
1254,2523,6
1014,1927,6
2095,4196,6
95351,10217,6
1025,6272,6
3112,6188,6
1111,2184,6
357,677,6
1142,2246,6
5065,3263,6
1891,3756,6
1124,2213,6
2486,5006,6
888,1611,6
84,10303,6
1242,2455,6
1922,6466,6
1498,3024,6
2369,6328,6
1431,2773,6
855,1866,6
1281,2545,6
95490,4236,6
1122,2203,6
3185,2480,6
1940,6460,6
1661,3296,6
2097,4206,6
489,906,6
1139,2234,6
5028,628,6
1620,3233,6
3112,6191,6
1307,2607,6
1499,7354,6
1446,2911,6
2277,4572,6
1627,3243,6
2315,4647,6
2187,4400,6
1537,3096,6
223,360,6
5113,5555,6
2262,4538,6
1123,2212,6
762,1345,6
872,1582,6
1139,7235,6
3129,6216,6
2089,4198,6
867,1555,6
95520,10483,6
2227,6292,6
1051,2023,6
1105,2170,6
1764,3515,6
1326,2643,6
2270,4554,6
2203,4439,6
1257,2491,6
5521,91,6
197,316,6
995,1883,6
1659,3303,6
2788,5516,6
5734,9404,6
2092,4202,6
2715,5388,6
1110,2182,6
2685,5332,6
1113,2188,6
95438,4444,6
234,383,6
5049,1655,6
790,1418,6
1395,2805,6
1819,3618,6
767,1354,6
1123,2215,6
3180,6270,6
5064,2899,6
1586,3174,6
79,131,6
5096,5045,6
117,181,6
2184,4393,6
95432,10347,6
5112,5527,
2190,4407,7
1886,3750,7
1253,2483,7
637,1137,7
95571,7355,7
1535,3092,7
3109,6173,7
2568,5149,7
113,176,7
990,1872,7
1553,3116,7
2674,8878,7
95396,10304,7
87,143,7
1125,2214,7
5097,5374,7
844,1514,7
2185,4398,7
3180,1360,7
95395,3651,7
2214,4454,7
5096,5043,7
1630,3254,7
5041,970,7
1249,2471,7
3169,185,7
2149,4306,7
702,1247,7
4,12,7
3040,6031,7
1325,2640,7
2737,5419,7
1495,3010,7
1141,2245,7
2882,5702,7
89,145,7
95516,10459,7
2206,4443,7
5130,4716,7
2087,3801,7
2550,5122,7
4,17,7
4806,2314,7
2097,8107,7
3096,6145,7
578,1031,7
404,750,7
95317,10153,7
2187,4401,7
5121,6199,7
1894,3760,7
95429,10343,7
402,748,7
2089,4190,7
1612,3219,7
1558,3124,7
678,1206,7
1387,2792,7
1609,3217,7
821,1472,7
2079,4174,7
1019,1936,7
316,616,7
854,1541,7
95405,2099,7
1455,7773,7
1140,2242,7
103,165,7
490,907,7
5094,5183,7
719,1273,7
1515,3058,7
5144,2296,7
5749,9421,7
2201,4434,7
1498,3021,7
1323,2636,7
22,35,7
5106,2501,7
2753,5451,7
1878,3736,7
236,385,7
1886,6441,7
1461,2938,7
1166,2289,7
5410,8988,7
2195,4423,7
1010,1874,7
400,746,7
95079,3198,7
1842,3669,7
799,1436,7
1317,2625,7
1335,2658,7
1682,3335,7
5128,4616,7
831,1490,7
3143,6253,7
991,1875,7
3100,8953,7
1831,3647,7
5465,5093,7
901,1639,7
1052,2026,7
3143,6256,7
5095,5105,7
1553,3117,7
3129,6209,7
2481,4996,7
2951,5867,7
2800,5547,7
1621,3236,7
1484,2992,7
95514,9659,7
2588,5175,7
1283,2549,7
675,1202,7
5132,4740,7
1895,3762,7
2373,4758,7
2623,5236,7
453,842,7
500,918,7
2454,4944,7
402,749,7
2797,5539,7
95258,6140,7
1862,3705,7
1403,2819,7
1140,2241,7
95475,3889,7
258,429,7
1038,1983,7
277,453,7
456,848,7
876,1598,7
2836,5616,7
1589,3177,7
1590,3182,7
5411,10485,7
3112,6193,7
2642,5273,7
15,27,7
1845,3680,7
1015,1930,7
2922,5798,7
5082,3657,7
2219,4472,7
2885,5711,7
1164,2285,7
2755,5453,7
1505,3035,7
1127,6266,7
1504,3034,7
95476,5177,7
762,1343,7
2633,6652,7
1862,3706,7
866,1572,7
803,1441,7
5578,7458,7
5104,2330,7
3221,2022,
95481,10425,8
2862,5663,8
2092,4201,8
5523,9285,8
1254,2484,8
95521,10484,8
1263,2500,8
5236,1618,8
1484,2991,8
1895,3761,8
2146,4300,8
2548,5118,8
904,1646,8
1305,2602,8
597,1062,8
242,394,8
1164,2283,8
1394,2804,8
1677,3329,8
502,921,8
2684,5328,8
5120,6259,8
2212,4457,8
2157,4339,8
95512,10458,8
78,130,8
95352,6752,8
2885,5706,8
4810,6269,8
2220,4478,8
1576,3153,8
1139,2248,8
1388,2794,8
58,98,8
868,1576,8
3097,6147,8
5139,1101,8
3129,6215,8
95405,2113,8
1485,2995,8
1929,3817,8
5232,7448,8
110,173,8
1126,2219,8
1857,3699,8
1431,2874,8
2372,4755,8
2369,4752,8
1746,3472,8
854,1542,8
830,1488,8
1262,2499,8
5147,1557,8
1383,2782,8
508,929,8
656,7055,8
674,1198,8
2592,5181,8
2585,5169,8
5064,2900,8
5385,8954,8
1536,3094,8
822,1473,8
1543,3105,8
1680,3333,8
2201,4435,8
1042,1992,8
2473,4984,8
833,1494,8
1553,3118,8
2485,5003,8
5119,7043,8
1533,3089,8
1304,2598,8
1878,3735,8
5101,5391,8
5064,2898,8
1055,2030,8
205,325,8
832,1492,8
1332,2654,8
1847,3683,8
887,1609,8
1307,2608,8
5111,2945,8
2494,5022,8
227,365,8
1497,3015,8
1433,2882,8
25,39,8
2853,5643,8
2674,8879,8
2380,4772,8
2890,5724,8
95258,6141,8
95471,3864,8
5020,1010,8
1275,2527,8
95531,10533,8
2372,4757,8
2548,5120,8
1483,2989,8
95123,9807,8
5411,129,8
3163,6245,8
5057,3005,8
2263,4539,8
1308,2609,8
1055,2031,8
5737,9406,8
3142,6246,8
1386,2790,8
1295,2590,8
3129,6218,8
1907,3781,8
799,1437,8
1477,2974,8
1455,2927,8
199,319,8
95066,3619,8
2539,5096,8
1404,2821,8
1553,3115,8
1482,2988,8
3222,3627,8
2074,4162,8
5520,5727,8
1921,3806,8
1727,3432,8
1566,3133,8
1111,2185,8
95263,4724,8
95364,8847,8
697,1241,8
2853,5645,8
3208,6409,8
110,172,8
789,1417,8
2936,5833,8
801,1438,8
2684,5326,8
5140,2715,8
95354,5797,8
1935,3826,8
3114,6195,8
5726,9400,8
2313,4645,8
1335,2659,8
2555,5130,8
804,1445,8
1662,3309,8
95517,10462,8
1327,2651,8
312,612,8
1077,2097,8
1576,3150,8
95530,6526,8
832,9883,8
763,1346,8
2184,4392,8
1886,6943,8
1480,2979,8
2888,5721,
1764,3516,9
1550,3111,9
5927,9630,9
1661,3281,9
276,452,9
1031,1962,9
2883,5704,9
81,134,9
2885,5714,9
2389,4791,9
2742,5433,9
2888,5720,9
56,95,9
4812,5492,9
1863,3708,9
994,1882,9
1875,3731,9
5979,3427,9
259,430,9
2745,7481,9
2857,5654,9
229,369,9
95568,10568,9
2778,5503,9
5117,5925,9
1042,1994,9
5057,3004,9
2659,7316,9
776,1383,9
1567,3137,9
1649,3284,9
2772,5490,9
2096,4205,9
689,1230,9
2964,5888,9
2749,5445,9
1973,3887,9
487,903,9
702,1248,9
337,643,9
5465,5089,9
95564,10567,9
1774,3530,9
95376,5008,9
1677,3328,9
3097,6150,9
3142,6248,9
2302,4629,9
52,88,9
2240,4509,9
96,157,9
704,1251,9
1044,1999,9
888,1610,9
5108,2757,9
5542,3633,9
2641,5269,9
798,1434,9
95515,4555,9
1076,2095,9
3097,6149,9
2549,5121,9
2330,4500,9
1012,1925,9
1521,3063,9
1930,3818,9
1522,3067,9
5091,5084,9
564,1008,9
1730,3460,9
2744,5436,9
2093,4195,9
2832,7456,9
1026,1952,9
1489,3000,9
2095,4203,9
1380,2777,9
2453,4942,9
2889,5719,9
2669,5315,9
1255,2485,9
2608,5216,9
2853,5642,9
829,1486,9
1759,3505,9
2931,5822,9
5125,6122,9
2730,5411,9
1115,2193,9
859,1556,9
95074,10473,9
1576,3151,9
5119,6163,9
1305,2603,9
2498,5035,9
1795,3574,9
5113,5639,9
2961,5881,9
5103,4964,9
1392,2801,9
95267,2116,9
5058,3038,9
826,1476,9
2521,5069,9
2182,4386,9
1664,3312,9
1602,3197,9
1848,3686,9
2483,4998,9
3062,5778,9
3176,1507,9
2879,5582,9
2496,5025,9
5092,5170,9
5084,3674,9
2935,5828,9
1660,3304,9
2260,4535,9
1149,2258,9
1436,2891,9
907,1653,9
2495,5023,9
95359,3308,9
1306,2605,9
789,1416,9
1536,3093,9
1255,2525,9
5943,9640,9
5940,9639,9
1805,3593,9
790,1421,9
2200,4433,9
2207,4447,9
2646,5279,9
3037,6024,9
1543,3103,9
2491,5016,9
72,122,9
5142,5114,9
578,1033,9
95136,9821,9
487,902,9
2528,5077,9
1172,10227,9
2495,5024,9
2358,4726,9
1558,3121,9
5742,9416,9
896,1630,9
1953,3859,9
95324,5280,9
5948,9644,9
1039,1988,9
5105,2335,9
1164,2286,9
2788,5522,9
2524,5072,9
1533,3085,9
2691,5346,9
2233,4502,9
2601,5199,9
2088,4187,10
2172,4369,10
1821,3622,10
1846,3679,10
273,449,10
2778,5500,10
2582,6316,10
1387,2791,10
3040,6035,10
278,454,10
1377,2769,10
95065,9730,10
1292,2574,10
1845,3678,10
1659,3302,10
5063,1464,10
5107,2727,10
2459,4955,10
2931,5819,10
1331,2652,10
2480,4995,10
1610,3216,10
3037,6026,10
1975,3890,10
488,904,10
1757,3502,10
2485,5004,10
1844,3676,10
1887,3782,10
2312,4643,10
5115,5737,10
1605,3201,10
359,679,10
3111,6192,10
1187,2324,10
1399,2814,10
4810,6268,10
1054,2028,10
2892,5728,10
2634,5257,10
5126,4559,10
2332,4672,10
2696,5355,10
2158,4331,10
70,116,10
2893,5731,10
744,1313,10
1182,2318,10
900,1638,10
1182,2319,10
1873,3727,10
2857,5656,10
1654,3288,10
2930,5816,10
2882,5703,10
2871,5682,10
1496,3019,10
2163,4352,10
1088,2136,10
811,1454,10
1160,2277,10
1654,3290,10
1864,3709,10
3036,6023,10
5080,4856,10
5127,4592,10
2553,5128,10
2359,4729,10
1620,3231,10
1127,2222,10
2326,4667,10
95262,3788,10
2155,4335,10
792,1424,10
1317,9557,10
3143,6255,10
2741,5431,10
2797,10096,10
257,427,10
902,1641,10
227,367,10
1848,3685,10
95509,6020,10
3081,6116,10
2526,5075,10
1166,2288,10
868,1575,10
1401,2817,10
2890,5722,10
2074,4163,10
1158,2272,10
3239,5494,10
1103,2165,10
2602,5208,10
2412,4849,10
3109,6177,10
5936,9636,10
3109,6175,10
904,1645,10
907,6722,10
2112,6654,10
5122,6223,10
1658,3300,10
5863,3224,10
860,1559,10
452,840,10
2457,4953,10
2412,4848,10
2559,5136,10
2374,4761,10
95312,6239,10
2169,4356,10
2499,5032,10
2684,5283,10
1491,3002,10
1632,3259,10
2362,4736,10
1661,3280,10
3041,6032,10
673,1196,10
95191,10590,10
1955,3862,10
2100,4210,10
1932,3821,10
3217,7342,10
2359,4728,10
2505,5041,10
2578,5160,10
3045,6039,10
1043,1996,10
1090,2142,10
95432,5040,10
2797,5535,10
2567,5148,10
95358,989,10
95257,10087,10
2720,5390,10
1732,3446,10
1087,2131,10
95364,5575,10
5233,3563,10
674,1197,10
5744,5187,10
5076,4806,10
505,925,10
95379,843,11
1629,3250,11
3143,6254,11
2577,5159,11
1089,2138,11
1558,3120,11
2639,5267,11
1150,2262,11
2393,4799,11
1038,1986,11
1576,3154,11
743,1312,11
2891,5725,11
2659,5292,11
1673,3324,11
537,968,11
597,1063,11
5074,3291,11
2633,9023,11
1333,2655,11
5380,1613,11
1292,2575,11
2283,4589,11
2697,5356,11
2501,5034,11
1842,3672,11
95074,6582,11
1172,2304,11
1233,2311,11
1402,2818,11
1043,1998,11
1015,10108,11
1334,2657,11
3123,6210,11
443,826,11
3185,2481,11
833,1496,11
342,649,11
2290,4614,11
1750,3481,11
2547,5116,11
2752,5450,11
2373,4759,11
2375,4762,11
1495,3012,11
2576,10381,11
1150,2261,11
339,645,11
95445,8886,11
5086,4251,11
3098,6648,11
2116,4292,11
1757,3499,11
311,608,11
1259,2494,11
1730,3439,11
2573,5154,11
809,1451,11
742,1309,11
2614,5225,11
2858,5657,11
5083,3721,11
5462,2581,11
2856,5652,11
5063,1462,11
737,1303,11
820,1469,11
1026,1926,11
1721,3403,11
1515,3064,11
5148,2722,11
1089,2139,11
1331,2653,11
1761,3509,11
2584,5168,11
95391,10299,11
597,1064,11
2602,5201,11
771,1359,11
1592,3186,11
1500,6306,11
2633,6653,11
5738,1470,11
2804,5553,11
2503,5038,11
2677,5308,11
2571,5152,11
109,171,11
1295,2585,11
1232,2433,11
1969,3883,11
5038,853,11
1619,3232,11
1461,2940,11
5093,5229,11
2605,5211,11
1728,3435,11
5098,5302,11
3111,6189,11
2743,5435,11
1129,2227,11
3092,6137,11
5075,3355,11
2786,5513,11
1477,2973,11
2456,4950,11
1674,3325,11
2575,5156,11
858,1553,11
1253,2482,11
1261,2497,11
1522,3061,11
1824,3629,11
5147,1558,11
2832,5614,11
1554,3119,11
2155,4334,11
1089,2140,11
1764,3514,11
1533,3086,11
3099,6157,11
1822,6413,11
1515,3057,11
2871,5680,11
2576,5157,11
1436,2884,11
3130,6221,11
2727,5408,11
1626,3242,11
3022,5995,11
1809,7489,11
1671,3322,11
5102,5452,11
1956,3865,11
95532,3037,11
2676,5318,11
2572,5153,11
2726,5407,11
2482,4997,11
271,445,11
485,898,11
95065,2633,11
1515,6322,11
833,1495,11
531,962,11
2893,5732,11
1488,2999,11
1454,2925,11
2575,10382,11
1641,3275,11
1403,2820,11
2231,4498,11
3042,6033,11
1668,3319,11
95352,5523,11
3142,6247,11
2864,5666,11
5021,1141,11
1241,2453,11
2902,5717,11
1883,3744,11
605,1078,11
2380,4773,11
2922,5799,11
95450,10378,11
3186,2114,11
2798,5543,11
3196,5126,11
3035,10174,11
5125,6123,11
533,964,11
2746,5440,12
1749,3480,12
54,90,12
2785,5506,12
5945,1249,12
2624,5238,12
2221,4481,12
826,1477,12
2964,5887,12
2715,5385,12
2751,6324,12
1039,1989,12
2921,5796,12
2213,4459,12
1654,3292,12
2733,5412,12
5944,9641,12
2930,5813,12
3212,5668,12
1836,3656,12
2620,5231,12
1496,3018,12
95561,10564,12
1389,2796,12
228,368,12
2767,5480,12
776,1385,12
3123,8171,12
202,322,12
1455,7774,12
2633,5250,12
2540,5097,12
2749,5441,12
791,1423,12
2499,5029,12
1490,3001,12
1771,3526,12
2453,10374,12
453,841,12
3036,6025,12
1769,3524,12
2170,4364,12
95324,5281,12
2935,5829,12
5377,2229,12
2791,5526,12
2548,5119,12
2684,5331,12
1551,3112,12
723,1282,12
1308,2600,12
2614,5228,12
2832,5611,12
1582,3165,12
5950,9647,12
2934,5827,12
5078,3585,12
771,1415,12
2458,4954,12
727,1287,12
2183,4390,12
2548,5117,12
2524,5073,12
2739,5424,12
2504,5039,12
1333,2656,12
2369,4750,12
3177,5182,12
95312,6234,12
95356,5111,12
95255,2641,12
2298,4624,12
2736,5417,12
2961,5865,12
1492,3003,12
1544,3104,12
5066,1425,12
2921,5794,12
2216,4466,12
1521,3065,12
2767,5479,12
270,444,12
485,899,12
1669,3315,12
2257,4532,12
5026,1253,12
2642,5271,12
1723,3426,12
1356,2720,12
2498,5028,12
95566,10345,12
446,831,12
2295,4621,12
2715,5384,12
1803,3589,12
1370,2756,12
3031,6016,12
2739,5421,12
1840,3663,12
3221,6412,12
2722,5396,12
270,443,12
1328,2648,12
1831,3648,12
2851,5637,12
3099,6154,12
2581,5164,12
2258,4533,12
2855,5650,12
3025,6006,12
1862,3707,12
2426,4906,12
2405,4829,12
5089,4371,12
2141,4291,12
2603,5202,12
5752,4804,12
773,6267,12
532,963,12
1952,3858,12
1686,3339,12
1434,2886,12
3062,6080,12
790,1420,12
2656,5286,12
1233,2434,12
2407,7009,12
1040,6650,12
5074,3293,12
1458,2935,12
841,1505,12
2739,5422,12
1805,6556,12
772,1365,12
1805,3594,12
2749,5446,12
1095,2150,12
1515,3056,12
2674,5316,12
2745,7482,12
1726,3431,12
1255,6290,12
1274,2524,12
2154,4333,12
2624,5239,12
2691,5348,12
1434,2885,12
2817,5579,12
5016,156,12
1502,3031,12
2603,5207,12
813,1457,12
5755,4421,12
1830,3641,12
511,932,12
2090,4192,12
678,1207,12
2154,6291,12
3098,6152,12
2303,4630,12
2256,4531,12
2517,5063,12
1764,3513,12
95312,6238,12
2748,5443,12
1560,3125,12
1321,2632,12
2646,5277,12
2404,4827,12
95258,6143,12
2784,6263,12
2156,4338,12
1627,3244,12
3116,6198,12
5465,5107,12
1043,1997,13
2428,4909,13
1574,3136,13
2903,5759,13
2518,5065,13
3140,6242,13
1670,3321,13
1867,3713,13
740,1307,13
1818,3617,13
677,1204,13
198,317,13
2279,4580,13
3224,3437,13
512,933,13
2499,5037,13
2614,5220,13
2962,5882,13
2664,5301,13
1143,2235,13
2745,5437,13
1100,2158,13
2452,4946,13
95560,10558,13
4802,5132,13
95587,4999,13
2559,5134,13
2524,5071,13
1158,2271,13
2296,4622,13
2770,5482,13
1757,3501,13
2478,4993,13
2930,5810,13
5142,5115,13
2614,9754,13
3111,6181,13
1168,2291,13
2614,5223,13
5465,5090,13
2226,4488,13
2473,4987,13
2194,4418,13
2790,5525,13
2558,5135,13
5378,8934,13
1296,2586,13
95354,5792,13
3116,6197,13
2798,5540,13
2677,5320,13
2642,5272,13
3161,2971,13
2715,5387,13
2518,5066,13
2168,4361,13
2740,5425,13
2651,5285,13
1548,3109,13
95432,9632,13
2797,5536,13
1866,3712,13
1256,2488,13
2181,4385,13
2938,5838,13
613,1095,13
2797,5537,13
1765,3517,13
95387,5020,13
1941,3838,13
824,1475,13
676,1203,13
2751,5449,13
2842,5624,13
2962,5883,13
2856,5658,13
2649,5276,13
5101,5392,13
1766,3518,13
1298,2588,13
2768,5484,13
2237,4506,13
1629,7404,13
2290,4615,13
5063,1463,13
1533,6577,13
95252,4853,13
2282,4587,13
1074,2090,13
5056,2146,13
772,6285,13
2723,5399,13
2889,5752,13
1908,3784,13
1462,2941,13
5949,9646,13
95312,6233,13
95134,2078,13
1942,9392,13
2551,5123,13
3039,6021,13
2785,5510,13
2528,5082,13
2781,5504,13
5979,3429,13
507,928,13
2414,4854,13
311,610,13
2669,5310,13
2959,5879,13
2528,5076,13
3143,6257,13
2704,5361,13
2501,5030,13
2963,5884,13
2185,4397,13
560,1005,13
5753,9438,13
485,905,13
5033,102,13
2283,8887,13
1488,2998,13
1871,3723,13
1298,2244,13
95258,6138,13
1812,3606,13
2853,5644,13
1677,3310,13
5465,5091,13
1502,3032,13
2405,4828,13
2591,5180,13
3130,6222,13
2832,5612,13
765,1350,13
1524,3070,13
2093,6301,13
1830,3643,13
1631,3256,13
2771,5487,13
500,919,13
1582,3167,13
880,1596,13
1256,2489,13
2930,7822,13
2584,5167,13
2494,5018,13
2740,5429,13
1743,3463,13
1791,3566,13
2577,5158,13
1724,3428,13
2864,5665,13
1795,3576,13
1807,3598,13
2202,4436,13
1522,6286,13
4806,2317,13
2656,5287,13
3023,5998,13
2707,5366,13
2821,5583,13
2538,5095,13
2633,5251,13
2658,5289,13
3213,6337,13
810,1453,13
2244,4515,13
614,1098,13
3149,4455,13
1235,2440,13
2225,4485,13
1457,2934,13
2358,4725,13
3098,6156,13
2220,4480,13
1791,3572,13
5150,3813,13
95447,3632,13
3138,6235,13
1644,3278,13
2842,5623,13
3185,2479,13
2649,5275,13
2452,4938,13
1791,3567,13
2621,5232,13
2788,6750,13
1522,3068,14
1757,3503,14
1125,2223,14
1082,2115,14
1565,3130,14
5720,3298,14
2684,5330,14
1788,3561,14
2602,6325,14
2931,5818,14
2328,4666,14
5462,2580,14
2669,5309,14
2857,5655,14
1724,3424,14
703,1250,14
874,1524,14
2546,5113,14
812,1456,14
2271,4556,14
2855,5648,14
1515,3069,14
504,923,14
2331,4671,14
1728,3433,14
490,908,14
95352,6751,14
2659,7313,14
2709,5369,14
1642,3276,14
1830,3645,14
735,1300,14
1683,3336,14
3111,6183,14
1434,2887,14
13,25,14
1089,2137,14
2653,5284,14
3079,6114,14
3164,5789,14
2223,4483,14
2855,5649,14
5462,2582,14
2674,5312,14
5062,1387,14
1295,2583,14
772,1413,14
2832,5613,14
656,1168,14
2182,4389,14
2614,5222,14
95263,4727,14
1232,2282,14
1976,3891,14
2871,5681,14
3038,6027,14
310,607,14
1798,3579,14
1760,3508,14
95263,4723,14
2957,6927,14
1656,3294,14
5739,1468,14
5139,1096,14
2501,5031,14
2588,5178,14
2372,4756,14
2963,5885,14
3139,6237,14
682,1218,14
770,1358,14
2224,4484,14
895,1629,14
5129,4575,14
2889,5753,14
1816,3615,14
1178,2310,14
2855,5651,14
5023,1103,14
2768,5481,14
2269,4553,14
2358,4731,14
1868,3719,14
1825,3631,14
727,1286,14
815,1460,14
3155,3438,14
2603,5205,14
5938,9637,14
1580,3162,14
743,1310,14
95390,834,14
2725,5401,14
1766,3520,14
1576,3155,14
2661,7318,14
2798,7511,14
2475,10463,14
739,1305,14
27,41,14
2822,5584,14
55,92,14
2475,4989,14
95534,6099,14
1879,3737,14
2086,4185,14
95380,10288,14
2364,4739,14
2704,5363,14
2723,5398,14
2695,5353,14
1591,3184,14
5105,2332,14
1568,3138,14
1358,2725,14
2216,4465,14
775,1380,14
2677,5319,14
2797,5538,14
2649,5278,14
1068,2082,14
2720,5389,14
2651,5282,14
1478,2975,14
501,920,14
95534,6100,14
2191,4410,14
2848,5632,14
1631,3258,14
2610,5219,14
2474,4988,14
95267,2117,14
504,924,14
2374,4760,14
2254,4529,14
1112,2186,14
2526,5081,14
2941,5847,14
2786,5509,14
1449,2916,14
5938,1552,14
2389,6923,14
773,7348,14
766,1353,14
1102,2163,14
2818,5580,14
2659,7322,14
1105,2171,14
2659,7315,14
2861,5660,14
2499,5033,14
1577,3158,14
5024,1318,14
1909,3785,14
805,1446,14
1669,3320,14
1463,2943,14
1747,3476,14
1105,2173,14
2529,5080,14
449,835,14
2609,5217,14
1943,3795,14
95465,10406,14
95387,5019,14
2707,5359,14
3099,6158,14
563,1006,14
2546,5109,15
578,1032,15
2703,5362,15
272,447,15
3070,6098,15
1359,2726,15
1161,2301,15
1795,3575,15
633,1133,15
1947,3850,15
5942,5765,15
529,958,15
2383,4777,15
2850,5634,15
95328,1455,15
2640,5268,15
1748,3479,15
1256,2490,15
1356,2721,15
601,1070,15
2388,4787,15
1601,3196,15
5141,3299,15
1328,2647,15
808,1450,15
5462,2579,15
2879,5696,15
1813,3608,15
2918,5783,15
1684,3337,15
2802,5550,15
2392,4796,15
2162,4351,15
1088,2135,15
2908,5769,15
3211,996,15
2931,5820,15
1184,2321,15
3026,6007,15
3123,6213,15
95565,5784,15
2304,4631,15
2875,5688,15
3188,5808,15
588,1049,15
826,1479,15
2785,5511,15
2801,5549,15
1173,2275,15
95356,5112,15
752,1328,15
4810,1364,15
2392,4797,15
260,431,15
2289,4613,15
3023,6002,15
2848,5631,15
809,1452,15
1797,3578,15
3141,6244,15
1151,2263,15
737,1304,15
2262,4660,15
699,1243,15
3201,6332,15
2119,4245,15
2156,4337,15
5951,1167,15
441,821,15
2707,5358,15
2715,6262,15
1624,3240,15
95319,6435,15
5729,9401,15
5978,4545,15
1515,3066,15
2871,5683,15
2957,5876,15
1964,3875,15
3066,6092,15
3139,6295,15
3187,2267,15
1567,3135,15
1800,3583,15
5233,3564,15
95389,10297,15
444,827,15
2803,5552,15
838,1502,15
2407,4833,15
772,1412,15
95444,3851,15
2770,5485,15
2261,4536,15
95072,5841,15
5377,2224,15
2358,4730,15
1834,3653,15
2084,4183,15
95472,10408,15
458,850,15
95477,5174,15
1857,3700,15
5412,6004,15
2556,5131,15
5040,935,15
2893,5729,15
1574,3149,15
1067,2081,15
95518,4992,15
2800,5544,15
2330,4670,15
95354,5795,15
2404,4826,15
2262,4537,15
3129,6219,15
95262,3786,15
1645,3279,15
2091,4193,15
3031,6014,15
586,1042,15
2409,4840,15
1874,3733,15
2748,6317,15
2950,10534,15
95355,1093,15
5124,6103,15
2301,4628,15
2172,4366,15
757,1335,15
1448,2915,15
95514,6414,15
2166,4358,15
626,1124,15
2428,4908,15
2241,4511,15
5139,1099,15
1842,3670,15
2425,4905,15
2610,5218,15
1730,3436,15
2877,7350,15
1773,3528,15
1088,2141,15
196,312,15
2423,4891,15
2843,5620,15
774,1375,15
558,999,15
95363,10225,15
664,1176,15
2268,4547,15
3059,6077,15
2289,6527,15
605,1080,16
1836,3655,16
1656,3289,16
2904,5758,16
2860,5659,16
5022,1235,16
2269,6531,16
2388,4786,16
23,37,16
2691,5347,16
1807,3597,16
2199,4431,16
4811,2079,16
673,1195,16
774,1377,16
2473,4985,16
2330,4669,16
3219,6410,16
5108,2758,16
1833,3650,16
2802,5551,16
599,1072,16
1812,3607,16
698,1242,16
95469,4487,16
1760,3506,16
95364,5576,16
615,1102,16
5025,6274,16
816,1461,16
775,1379,16
2515,5062,16
1842,3671,16
95559,1139,16
2621,5233,16
2080,3828,16
1763,3511,16
2384,4778,16
635,1135,16
724,1283,16
605,1079,16
2622,5235,16
3025,6005,16
2195,4425,16
95360,7084,16
2706,5365,16
3205,6331,16
95134,2077,16
1565,3132,16
3034,6019,16
2890,5726,16
760,1340,16
1292,2571,16
5022,1234,16
1810,3603,16
95355,1092,16
2885,5710,16
1097,2153,16
2333,4673,16
2770,5486,16
2083,4182,16
1451,2919,16
95392,10300,16
1547,3107,16
2930,5817,16
1169,2293,16
95438,4448,16
763,1348,16
2614,5227,16
2382,4775,16
101,163,16
1258,2492,16
1548,3108,16
95319,5830,16
3088,6132,16
2289,4611,16
2933,5825,16
3205,2920,16
1723,3422,16
1294,2578,16
2242,4512,16
1774,3531,16
2906,5761,16
2269,4550,16
2623,5237,16
1796,3577,16
5462,2584,16
2936,5840,16
5142,5110,16
3205,2921,16
1812,3609,16
2556,5133,16
3082,6119,16
4805,2155,16
1618,3229,16
5376,3716,16
3212,5679,16
2381,4774,16
1804,3591,16
5380,1614,16
5133,2947,16
2570,5151,16
564,1007,16
609,1086,16
2630,5247,16
1104,2168,16
2854,5647,16
822,1467,16
95482,10426,16
3032,6095,16
5136,6772,16
2912,5776,16
95267,2118,16
3035,6022,16
1866,3711,16
2770,5483,16
111,174,16
1328,2646,16
1551,3113,16
1842,3668,16
1071,2086,16
1643,3277,16
95573,10574,16
2478,6925,16
5725,2813,16
2840,5621,16
2251,4523,16
2259,4534,16
624,1122,16
1793,3570,16
1668,3318,16
2926,5806,16
663,1175,16
3024,5999,16
2848,5629,16
95449,10377,16
1098,2156,16
3028,6009,16
1667,3317,16
2958,5877,16
2956,5875,16
1681,3334,16
3213,2573,16
1630,3252,16
1459,2936,16
358,678,16
2158,4340,16
2414,4852,16
1756,3498,16
95491,4527,16
2784,5507,16
1112,2187,16
2907,5763,16
2455,8885,16
5146,1178,16
5756,9439,16
2238,4507,17
1818,3630,17
1091,2144,17
2492,5017,17
1970,3884,17
2456,4951,17
5943,2724,17
95268,3599,17
601,1069,17
1180,2312,17
2701,5357,17
1479,2977,17
2590,5179,17
95468,6087,17
2389,4788,17
95394,4798,17
2194,4422,17
1275,2526,17
603,1074,17
2406,4830,17
95072,5837,17
1435,2888,17
3180,1414,17
660,1172,17
417,764,17
95191,4177,17
823,1474,17
682,1219,17
2407,4832,17
2282,4588,17
95074,3249,17
561,1002,17
2378,4766,17
1911,3790,17
3138,6240,17
2876,5689,17
2847,5630,17
484,897,17
1084,2121,17
77,128,17
2850,5635,17
3164,5790,17
5980,9880,17
3024,5997,17
1806,3596,17
1580,3163,17
95390,10298,17
2200,4432,17
1851,3691,17
3138,6232,17
1582,3169,17
2198,4430,17
95530,3842,17
3155,3441,17
1369,2755,17
2379,4769,17
5942,5768,17
2902,5751,17
1580,3161,17
5376,3715,17
1357,2723,17
773,1371,17
406,752,17
2853,5641,17
2589,5176,17
2908,5771,17
2297,4623,17
95444,3825,17
5942,5770,17
2387,4784,17
609,1087,17
1368,2753,17
2218,4470,17
5987,2169,17
2252,4525,17
95252,4851,17
2661,7321,17
272,448,17
1650,3285,17
1461,2939,17
3063,6081,17
1460,2937,17
3033,6018,17
3148,623,17
1760,3507,17
254,423,17
5464,8463,17
1174,2300,17
2387,4783,17
798,1435,17
655,1166,17
2918,5786,17
3224,3440,17
2382,4776,17
1567,10148,17
2269,4552,17
625,1123,17
683,1220,17
1804,3590,17
2379,4770,17
1158,2273,17
3088,6131,17
627,1126,17
2363,4737,17
2423,4890,17
2520,5068,17
95562,10565,17
5942,5767,17
2250,4522,17
883,1603,17
1731,3443,17
95565,5785,17
2945,5860,17
450,838,17
2276,4571,17
721,1279,17
95326,10158,17
5478,6076,17
1581,3164,17
95510,5857,17
1083,2119,17
95356,5108,17
2873,5686,17
2271,4548,17
1604,3200,17
2275,4568,17
736,1302,17
1676,3282,17
26,40,17
5934,9635,17
5135,6773,17
553,992,17
2722,5400,17
2749,5444,17
1817,3616,17
758,1336,17
1959,3869,17
95393,3442,17
95431,10346,17
2933,5824,17
5751,9437,17
2798,6264,18
2582,5166,18
741,1316,18
1808,3600,18
1463,2944,18
2701,5360,18
2167,4360,18
2425,4904,18
638,1138,18
57,97,18
1087,2130,18
1877,3734,18
486,900,18
1872,3726,18
1258,2493,18
554,994,18
739,1306,18
1758,3504,18
95191,4175,18
272,446,18
654,1163,18
1869,3720,18
95327,4467,18
2843,5619,18
2384,4779,18
2168,6462,18
2275,4570,18
2947,5862,18
1910,3787,18
1177,2309,18
1070,2085,18
2080,4176,18
416,763,18
2800,5545,18
1084,2120,18
1581,3166,18
3089,6133,18
5925,9629,18
2602,5200,18
653,1162,18
3065,6085,18
1456,2930,18
1154,2266,18
1867,3714,18
554,993,18
2872,5685,18
5023,9744,18
5025,1183,18
3059,6073,18
1948,3852,18
2168,4359,18
2708,5368,18
1107,2176,18
1163,2281,18
451,839,18
561,1003,18
2281,4585,18
1275,2529,18
1685,3338,18
2941,5845,18
535,966,18
1451,2918,18
95394,4801,18
611,1091,18
2736,5416,18
2306,4635,18
5137,3017,18
274,450,18
1447,2914,18
2242,4508,18
95378,10287,18
3063,10216,18
239,391,18
1618,3230,18
595,1060,18
579,1035,18
1480,2978,18
683,1222,18
1069,2083,18
557,998,18
3087,6129,18
2173,4391,18

722,1281,18
3204,4768,18
2305,4634,18
200,320,18
1235,2439,18
2277,4574,18
3066,6091,18
315,615,18
766,1352,18
2393,6294,18
509,930,18
2733,5414,18
1799,3581,18
95357,830,18
95071,6003,18
5478,6075,18
3164,5791,18
1457,2932,18
5951,1164,18
245,400,18
735,1301,18
1854,3694,18
3175,1252,18
5148,2976,18
2903,5755,18
2387,4785,18
5380,1625,18
5719,6130,18
1743,3228,18
599,1067,18
2394,4802,18
3031,6015,18
1452,2922,18
5937,825,18
1724,3421,18
3184,991,18
1790,3565,18
690,1232,18
1462,2942,18
534,965,18
552,990,18
1757,3500,18
95574,10575,18
2395,4805,18
2255,4530,19
3032,6017,19
3173,6318,19
3069,6096,19
2948,5864,19
2423,4888,19
2427,4907,19
95433,10348,19
1798,3580,19
253,422,19
1766,3521,19
774,1376,19
3060,6282,19
3171,837,19
121,188,19
2945,5859,19
95491,4526,19
5520,5723,19
311,611,19
584,1040,19
1871,3718,19
1665,3314,19
1090,2134,19
3065,6086,19
3168,2174,19
2911,5775,19
2841,5622,19
447,832,19
2909,5773,19
2306,4636,19
2925,5805,19
586,1045,19
2937,5836,19
2938,5839,19
69,115,19
1578,3159,19
659,1171,19
3064,6089,19
684,1223,19
2474,6310,19
3064,6082,19
448,833,19
2872,5684,19
95473,10409,19
767,1355,19
577,1030,19
1755,3497,19
1087,2132,19
2194,4419,19
766,1351,19
691,1233,19
2171,4365,19
729,1290,19
2893,5730,19
1152,2264,19
2294,4620,19
2413,4850,19
2169,4362,19
598,1066,19
636,1136,19
457,849,19
302,504,19
5139,1097,19
1853,3693,19
1153,2265,19
720,1274,19
1860,3703,19
2217,4468,19
95468,6088,19
688,1229,19
634,1134,19
95393,3445,19
5755,4424,19
2243,4513,19
95277,4394,19
2927,5807,19
1087,2133,19
2919,5787,19
2944,5856,19
1667,3316,19
3207,4781,19
1099,2157,19
687,1226,19
445,828,19
2218,4471,19
759,1338,19
1453,2924,19
2908,5766,19
2085,4184,19
5987,2172,19
275,451,19
730,1292,19
2800,5546,19
2236,4505,19
2395,4803,19
2904,5757,19
1831,3646,19
1084,2122,19
3067,6094,19
1676,3327,19
1799,3582,19
562,1004,19
580,1036,19
610,1090,19
2943,5842,19
2087,4186,19
95513,7341,19
206,326,19
733,1297,19
1868,3717,19
3178,5858,19
5139,7054,19
3027,6008,19
5750,9436,20
606,1081,20
652,1160,20
560,1001,20
1767,3522,20
3204,6335,20
745,1314,20
5013,1311,20
746,1315,20
1835,3654,20
95510,10457,20
728,1289,20
2905,5760,20
662,1174,20
1978,3895,20
583,1039,20
1186,2323,20
245,401,20
582,1038,20
2913,5777,20
5719,6134,20
756,1334,20
1962,3873,20
95349,5863,20
1367,2752,20
510,931,20
5478,6074,20
559,1000,20
491,909,20
536,967,20
1096,2152,20
685,1224,20
95575,10576,20
725,1284,20
313,6313,20
1916,3800,20
3172,100,20
503,922,20
479,889,20
2478,4991,20
5946,9642,20
3061,6079,20
657,1169,20
731,1293,20
587,1046,20
459,851,20
2240,4510,20
2165,4357,20
1858,3701,20
3199,1246,20
665,1180,20
755,1333,20
722,1280,20
2939,5854,20
2936,5831,20
95327,7406,20
3220,6411,20
1583,3170,20
581,1037,20
687,1227,20
631,1131,20
701,1245,20
2385,4780,20
245,399,20
604,1077,20
3090,6135,20
732,1295,20
1960,3871,20
1676,3330,20
95467,1089,20
1731,3444,20
256,426,20
5400,101,20
95468,7317,20
626,1125,20
5138,1165,20
1092,2145,20
587,9422,20
506,926,20
3066,6090,20
686,1225,20
538,969,20
639,1140,20
3171,836,20
3091,6136,20
2878,5694,20
2908,5764,20
555,995,20
1852,3692,20
5758,2308,20
5730,6097,20
585,1041,20
666,1182,20
